1.000000,0.999497,0.997987,0.995472,0.991955,0.987439,0.981929,0.975430,0.967949,0.959493,0.950071,0.939693,0.928368,0.916108,0.902927,0.888835,0.873849,0.857983,0.841254,0.823677,0.805270,0.786053,0.766044,0.745264,0.723734,0.701475,0.678509,0.654861,0.630553,0.605610,0.580057,0.553920,0.527225,0.500000,0.472271,0.444067,0.415415,0.386345,0.356886,0.327068,0.296920,0.266474,0.235759,0.204807,0.173648,0.142315,0.110838,0.079250,0.047582,0.015866,-0.015866,-0.047582,-0.079250,-0.110838,-0.142315,-0.173648,-0.204807,-0.235759,-0.266474,-0.296920,-0.327068,-0.356886,-0.386345,-0.415415,-0.444067,-0.472271,-0.500000,-0.527225,-0.553920,-0.580057,-0.605610,-0.630553,-0.654861,-0.678509,-0.701475,-0.723734,-0.745264,-0.766044,-0.786053,-0.805270,-0.823677,-0.841254,-0.857983,-0.873849,-0.888835,-0.902927,-0.916108,-0.928368,-0.939693,-0.950071,-0.959493,-0.967949,-0.975430,-0.981929,-0.987439,-0.991955,-0.995472,-0.997987,-0.999497,-1.000000
0.989950,0.996954,0.999356,0.999554,0.998345,0.995998,0.992605,0.988198,0.982792,0.976395,0.969016,0.960662,0.951341,0.941065,0.929841,0.917684,0.904603,0.890614,0.875729,0.859965,0.843337,0.825861,0.807556,0.788441,0.768534,0.747856,0.726427,0.704269,0.681406,0.657859,0.633652,0.608811,0.583360,0.557325,0.530732,0.503608,0.475981,0.447878,0.419329,0.390361,0.361004,0.331287,0.301241,0.270897,0.240284,0.209433,0.178377,0.147145,0.115771,0.084285,0.052718,0.021105,-0.010525,-0.042139,-0.073705,-0.105191,-0.136566,-0.167797,-0.198854,-0.229704,-0.260316,-0.290661,-0.320706,-0.350422,-0.379779,-0.408747,-0.437296,-0.465398,-0.493025,-0.520148,-0.546740,-0.572775,-0.598225,-0.623066,-0.647272,-0.670818,-0.693681,-0.715838,-0.737266,-0.757943,-0.777850,-0.796964,-0.815268,-0.832743,-0.849370,-0.865134,-0.880017,-0.894006,-0.907085,-0.919242,-0.930464,-0.940740,-0.950060,-0.958413,-0.965791,-0.972188,-0.977595,-0.982009,-0.985423,-0.987836
0.980001,0.984503,0.992275,0.997270,0.999603,1.000023,0.999015,0.996823,0.993555,0.989260,0.983959,0.977666,0.970389,0.962137,0.952918,0.942743,0.931621,0.919565,0.906586,0.892698,0.877915,0.862252,0.845726,0.828352,0.810149,0.791135,0.771329,0.750753,0.729426,0.707370,0.684608,0.661162,0.637058,0.612318,0.586969,0.561036,0.534545,0.507523,0.479997,0.451996,0.423548,0.394682,0.365427,0.335812,0.305869,0.275626,0.245115,0.214366,0.183412,0.152282,0.121009,0.089625,0.058161,0.026649,-0.004879,-0.036390,-0.067854,-0.099238,-0.130511,-0.161640,-0.192594,-0.223342,-0.253853,-0.284095,-0.314038,-0.343652,-0.372907,-0.401772,-0.430219,-0.458219,-0.485743,-0.512764,-0.539254,-0.565186,-0.590535,-0.615273,-0.639376,-0.662820,-0.685581,-0.707635,-0.728961,-0.749536,-0.769340,-0.788352,-0.806554,-0.823926,-0.840451,-0.856112,-0.870893,-0.884779,-0.897756,-0.909810,-0.920930,-0.931103,-0.940320,-0.948571,-0.955847,-0.962141,-0.967446,-0.971757
0.970152,0.975489,0.979248,0.986675,0.993437,0.997952,1.000281,1.000848,1.000002,0.997952,0.994808,0.990626,0.985432,0.979242,0.972068,0.963917,0.954800,0.944727,0.933707,0.921752,0.908875,0.895088,0.880407,0.864846,0.848421,0.831149,0.813047,0.794135,0.774431,0.753956,0.732731,0.710777,0.688116,0.664772,0.640770,0.616132,0.590884,0.565053,0.538663,0.511743,0.484319,0.456420,0.428074,0.399310,0.370156,0.340644,0.310802,0.280661,0.250252,0.219605,0.188753,0.157725,0.126554,0.095272,0.063910,0.032500,0.001074,-0.030336,-0.061697,-0.092979,-0.124150,-0.155177,-0.186029,-0.216675,-0.247083,-0.277223,-0.307064,-0.336576,-0.365728,-0.394491,-0.422836,-0.450734,-0.478156,-0.505075,-0.531462,-0.557292,-0.582538,-0.607174,-0.631175,-0.654516,-0.677175,-0.699127,-0.720350,-0.740823,-0.760524,-0.779434,-0.797533,-0.814803,-0.831225,-0.846784,-0.861462,-0.875246,-0.888120,-0.900072,-0.911089,-0.921160,-0.930275,-0.938423,-0.945596,-0.951788
0.960401,0.965462,0.971302,0.974599,0.980940,0.988378,0.994665,0.998968,1.001320,1.002009,1.001304,0.999388,0.996366,0.992296,0.987210,0.981124,0.974052,0.966004,0.956989,0.947017,0.936098,0.924245,0.911470,0.897785,0.883205,0.867746,0.851422,0.834252,0.816252,0.797441,0.777839,0.757466,0.736342,0.714489,0.691930,0.668689,0.644787,0.620251,0.595105,0.569376,0.543088,0.516270,0.488948,0.461150,0.432906,0.404244,0.375192,0.345781,0.316041,0.286002,0.255695,0.225150,0.194399,0.163474,0.132405,0.101225,0.069965,0.038657,0.007333,-0.023975,-0.055234,-0.086414,-0.117483,-0.148408,-0.179158,-0.209701,-0.240007,-0.270045,-0.299784,-0.329194,-0.358244,-0.386905,-0.415147,-0.442943,-0.470262,-0.497079,-0.523364,-0.549092,-0.574235,-0.598769,-0.622667,-0.645907,-0.668463,-0.690312,-0.711433,-0.731803,-0.751402,-0.770210,-0.788206,-0.805373,-0.821693,-0.837149,-0.851726,-0.865407,-0.878179,-0.890028,-0.900943,-0.910911,-0.919923,-0.927969
0.950749,0.955905,0.960806,0.967248,0.970648,0.975710,0.982808,0.990095,0.996111,1.000306,1.002696,1.003495,1.002921,1.001132,0.998230,0.994272,0.989292,0.983312,0.976343,0.968397,0.959483,0.949613,0.938796,0.927045,0.914371,0.900787,0.886309,0.870951,0.854729,0.837660,0.819762,0.801053,0.781553,0.761281,0.740259,0.718508,0.696051,0.672911,0.649111,0.624677,0.599633,0.574005,0.547819,0.521102,0.493882,0.466187,0.438044,0.409483,0.380534,0.351225,0.321587,0.291649,0.261444,0.231001,0.200353,0.169529,0.138562,0.107484,0.076326,0.045120,0.013898,-0.017308,-0.048465,-0.079543,-0.110509,-0.141332,-0.171980,-0.202422,-0.232626,-0.262561,-0.292198,-0.321505,-0.350453,-0.379012,-0.407152,-0.434845,-0.462063,-0.488777,-0.514960,-0.540585,-0.565626,-0.590058,-0.613854,-0.636991,-0.659444,-0.681191,-0.702210,-0.722478,-0.741974,-0.760679,-0.778573,-0.795638,-0.811856,-0.827209,-0.841683,-0.855262,-0.867931,-0.879678,-0.890490,-0.900356
0.941194,0.946322,0.951621,0.956209,0.963116,0.967198,0.971323,0.977435,0.984822,0.991970,0.997819,1.001960,1.004400,1.005302,1.004850,1.003184,1.000399,0.996553,0.991681,0.985805,0.978939,0.971095,0.962284,0.952515,0.941800,0.930150,0.917578,0.904096,0.889720,0.874463,0.858343,0.841376,0.823579,0.804972,0.785573,0.765403,0.744482,0.722833,0.700478,0.677439,0.653741,0.629409,0.604466,0.578940,0.552856,0.526241,0.499123,0.471529,0.443488,0.415029,0.386181,0.356974,0.327438,0.297603,0.267499,0.237159,0.206612,0.175890,0.145025,0.114049,0.082993,0.051889,0.020769,-0.010334,-0.041390,-0.072366,-0.103230,-0.133951,-0.164496,-0.194836,-0.224938,-0.254771,-0.284306,-0.313511,-0.342356,-0.370813,-0.398851,-0.426442,-0.453557,-0.480169,-0.506250,-0.531773,-0.556711,-0.581040,-0.604734,-0.627769,-0.650120,-0.671765,-0.692681,-0.712846,-0.732240,-0.750843,-0.768634,-0.785597,-0.801712,-0.816963,-0.831334,-0.844810,-0.857377,-0.869022
0.931735,0.936876,0.942019,0.947571,0.951776,0.958791,0.963905,0.967765,0.972770,0.979510,0.987023,0.994064,0.999807,1.003928,1.006424,1.007426,1.007091,1.005544,1.002874,0.999139,0.994375,0.988603,0.981841,0.974100,0.965390,0.955724,0.945110,0.933562,0.921091,0.907711,0.893436,0.878281,0.862262,0.845397,0.827702,0.809196,0.789899,0.769830,0.749011,0.727464,0.705210,0.682273,0.658677,0.634446,0.609606,0.584181,0.558199,0.531686,0.504669,0.477177,0.449238,0.420881,0.392135,0.363030,0.333596,0.303862,0.273861,0.243622,0.213177,0.182557,0.151794,0.120920,0.089966,0.058964,0.027946,-0.003055,-0.034009,-0.064883,-0.095645,-0.126263,-0.156707,-0.186944,-0.216944,-0.246675,-0.276107,-0.305210,-0.333954,-0.362308,-0.390244,-0.417732,-0.444745,-0.471255,-0.497233,-0.522654,-0.547490,-0.571717,-0.595308,-0.618241,-0.640489,-0.662032,-0.682845,-0.702908,-0.722200,-0.740700,-0.758389,-0.775249,-0.791262,-0.806411,-0.820679,-0.834053
0.922371,0.927512,0.932720,0.937817,0.943734,0.947641,0.954323,0.960444,0.964745,0.969004,0.974729,0.981871,0.989445,0.996408,1.002086,1.006208,1.008765,1.009865,1.009643,1.008212,1.005656,1.002031,0.997374,0.991708,0.985049,0.977410,0.968803,0.959238,0.948726,0.937279,0.924910,0.911632,0.897458,0.882405,0.866488,0.849724,0.832131,0.813726,0.794531,0.774564,0.753847,0.732401,0.710249,0.687414,0.663919,0.639790,0.615051,0.589728,0.563848,0.537437,0.510522,0.483132,0.455295,0.427039,0.398395,0.369392,0.340059,0.310428,0.280528,0.250391,0.220048,0.189530,0.158870,0.128097,0.097245,0.066345,0.035430,0.004530,-0.026322,-0.057093,-0.087753,-0.118269,-0.148611,-0.178746,-0.208644,-0.238273,-0.267603,-0.296604,-0.325245,-0.353497,-0.381330,-0.408717,-0.435627,-0.462035,-0.487911,-0.513229,-0.537963,-0.562087,-0.585577,-0.608406,-0.630553,-0.651993,-0.672704,-0.692665,-0.711854,-0.730252,-0.747838,-0.764596,-0.780506,-0.795552
0.913101,0.918247,0.923436,0.928743,0.933704,0.940041,0.943901,0.949896,0.956651,0.961851,0.966004,0.970800,0.977084,0.984500,0.992111,0.999020,1.004660,1.008798,1.011420,1.012617,1.012505,1.011188,1.008745,1.005230,1.000679,0.995118,0.988563,0.981027,0.972521,0.963058,0.952648,0.941303,0.929035,0.915859,0.901787,0.886835,0.871020,0.854357,0.836865,0.818563,0.799469,0.779604,0.758988,0.737644,0.715594,0.692860,0.669468,0.645440,0.620803,0.595582,0.569803,0.543494,0.516681,0.489392,0.461657,0.433504,0.404961,0.376060,0.346829,0.317299,0.287502,0.257467,0.227226,0.196810,0.166251,0.135581,0.104830,0.074033,0.043219,0.012421,-0.018328,-0.048998,-0.079555,-0.109970,-0.140209,-0.170242,-0.200038,-0.229565,-0.258792,-0.287691,-0.316230,-0.344380,-0.372111,-0.399395,-0.426203,-0.452508,-0.478282,-0.503498,-0.528130,-0.552152,-0.575539,-0.598266,-0.620310,-0.641648,-0.662257,-0.682115,-0.701202,-0.719497,-0.736981,-0.753636
0.903924,0.909075,0.914276,0.919498,0.924960,0.929697,0.936395,0.940557,0.945756,0.952578,0.958736,0.963412,0.967739,0.973061,0.979783,0.987399,0.995035,1.001909,1.007532,1.011698,1.014388,1.015680,1.015676,1.014472,1.012140,1.008734,1.004290,0.998834,0.992382,0.984949,0.976546,0.967185,0.956876,0.945633,0.933467,0.920392,0.906421,0.891571,0.875858,0.859297,0.841907,0.823706,0.804713,0.784950,0.764436,0.743194,0.721245,0.698613,0.675322,0.651396,0.626861,0.601741,0.576064,0.549857,0.523146,0.495959,0.468326,0.440274,0.411833,0.383034,0.353905,0.324477,0.294781,0.264848,0.234709,0.204395,0.173938,0.143370,0.112722,0.082026,0.051314,0.020619,-0.010028,-0.040596,-0.071052,-0.101364,-0.131501,-0.161432,-0.191125,-0.220550,-0.249676,-0.278472,-0.306909,-0.334956,-0.362585,-0.389767,-0.416473,-0.442676,-0.468347,-0.493461,-0.517991,-0.541910,-0.565195,-0.587820,-0.609761,-0.630997,-0.651503,-0.671259,-0.690243,-0.708436
0.894839,0.899995,0.905198,0.910462,0.915685,0.921378,0.925848,0.932716,0.937502,0.942091,0.948458,0.955248,0.960812,0.965289,0.969930,0.975729,0.982800,0.990570,0.998227,1.005083,1.010705,1.014906,1.017668,1.019055,1.019157,1.018063,1.015842,1.012544,1.008207,1.002856,0.996508,0.989177,0.980876,0.971617,0.961411,0.950269,0.938204,0.925231,0.911362,0.896614,0.881001,0.864542,0.847254,0.829154,0.810264,0.790602,0.770190,0.749049,0.727202,0.704672,0.681483,0.657658,0.633225,0.608207,0.582632,0.556526,0.529916,0.502832,0.475300,0.447350,0.419012,0.390314,0.361287,0.331961,0.302367,0.272536,0.242499,0.212287,0.181932,0.151465,0.120919,0.090326,0.059716,0.029123,-0.001423,-0.031888,-0.062242,-0.092452,-0.122487,-0.152316,-0.181907,-0.211230,-0.240253,-0.268947,-0.297282,-0.325227,-0.352754,-0.379833,-0.406437,-0.432537,-0.458107,-0.483118,-0.507545,-0.531362,-0.554545,-0.577067,-0.598906,-0.620039,-0.640443,-0.660097
0.885846,0.891007,0.896217,0.901470,0.906812,0.911987,0.917982,0.922229,0.928985,0.934562,0.938955,0.944592,0.951474,0.957908,0.963050,0.967541,0.972547,0.978765,0.986123,0.994016,1.001696,1.008546,1.014178,1.018424,1.021259,1.022739,1.022947,1.021962,1.019850,1.016661,1.012430,1.007184,1.000939,0.993711,0.985513,0.976356,0.966251,0.955211,0.943248,0.930376,0.916609,0.901962,0.886451,0.870094,0.852907,0.834909,0.816120,0.796560,0.776249,0.755210,0.733465,0.711037,0.687949,0.664227,0.639895,0.614979,0.589505,0.563501,0.536993,0.510011,0.482581,0.454733,0.426496,0.397900,0.368975,0.339751,0.310259,0.280530,0.250594,0.220485,0.190231,0.159867,0.129423,0.098931,0.068424,0.037932,0.007489,-0.022874,-0.053126,-0.083234,-0.113167,-0.142893,-0.172382,-0.201603,-0.230524,-0.259116,-0.287348,-0.315191,-0.342616,-0.369593,-0.396095,-0.422093,-0.447560,-0.472469,-0.496794,-0.520509,-0.543588,-0.566009,-0.587746,-0.608776
0.876943,0.882110,0.887325,0.892590,0.897886,0.903336,0.908397,0.914731,0.918906,0.925263,0.931563,0.936245,0.941216,0.947678,0.954621,0.960648,0.965547,0.970181,0.975560,0.982148,0.989744,0.997742,1.005448,1.012302,1.017955,1.022249,1.025159,1.026734,1.027045,1.026168,1.024165,1.021084,1.016959,1.011817,1.005676,0.998552,0.990456,0.981400,0.971397,0.960459,0.948598,0.935827,0.922162,0.907617,0.892207,0.875951,0.858866,0.840970,0.822283,0.802824,0.782615,0.761678,0.740034,0.717708,0.694722,0.671101,0.646871,0.622057,0.596685,0.570782,0.544377,0.517496,0.490167,0.462421,0.434286,0.405792,0.376969,0.347847,0.318457,0.288830,0.258996,0.228988,0.198837,0.168575,0.138233,0.107843,0.077437,0.047048,0.016707,-0.013554,-0.043704,-0.073710,-0.103541,-0.133165,-0.162552,-0.191670,-0.220489,-0.248979,-0.277109,-0.304850,-0.332172,-0.359047,-0.385447,-0.411342,-0.436707,-0.461514,-0.485736,-0.509349,-0.532326,-0.554644
0.868130,0.873303,0.878525,0.883793,0.889117,0.894439,0.900044,0.904930,0.911569,0.915906,0.921677,0.928407,0.933744,0.938408,0.944179,0.951104,0.957874,0.963553,0.968356,0.973207,0.978948,0.985860,0.993662,1.001751,1.009485,1.016353,1.022034,1.026382,1.029369,1.031037,1.031452,1.030682,1.028787,1.025813,1.021795,1.016757,1.010720,1.003698,0.995704,0.986751,0.976850,0.966013,0.954253,0.941585,0.928021,0.913577,0.898270,0.882115,0.865132,0.847337,0.828751,0.809395,0.789287,0.768452,0.746910,0.724685,0.701800,0.678281,0.654153,0.629440,0.604170,0.578370,0.552066,0.525287,0.498060,0.470416,0.442383,0.413991,0.385269,0.356249,0.326961,0.297435,0.267704,0.237798,0.207749,0.177588,0.147348,0.117061,0.086757,0.056470,0.026231,-0.003928,-0.033976,-0.063880,-0.093608,-0.123131,-0.152415,-0.181431,-0.210148,-0.238536,-0.266564,-0.294202,-0.321422,-0.348195,-0.374492,-0.400286,-0.425548,-0.450252,-0.474372,-0.497883
0.859405,0.864585,0.869813,0.875089,0.880409,0.885801,0.891120,0.896937,0.901617,0.908439,0.913194,0.918374,0.925120,0.931219,0.936060,0.941205,0.947656,0.954752,0.961263,0.966687,0.971501,0.976610,0.982693,0.989894,0.997873,1.006046,1.013813,1.020701,1.026417,1.030822,1.033888,1.035649,1.036167,1.035503,1.033716,1.030848,1.026936,1.022003,1.016069,1.009150,1.001259,0.992407,0.982608,0.971873,0.960215,0.947648,0.934186,0.919844,0.904638,0.888585,0.871703,0.854010,0.835526,0.816271,0.796265,0.775531,0.754091,0.731968,0.709185,0.685768,0.661741,0.637130,0.611962,0.586263,0.560061,0.533384,0.506259,0.478717,0.450785,0.422495,0.393876,0.364957,0.335771,0.306348,0.276718,0.246914,0.216967,0.186908,0.156770,0.126585,0.096383,0.066198,0.036061,0.006004,-0.023942,-0.053743,-0.083370,-0.112790,-0.141973,-0.170886,-0.199501,-0.227786,-0.255712,-0.283248,-0.310366,-0.337037,-0.363232,-0.388923,-0.414083,-0.438685
0.850768,0.855955,0.861190,0.866473,0.871804,0.877172,0.882648,0.887921,0.894004,0.898506,0.905311,0.910676,0.915464,0.921841,0.928520,0.933941,0.938810,0.944587,0.951505,0.958583,0.964830,0.970091,0.974994,0.980380,0.986783,0.994241,1.002379,1.010630,1.018432,1.025348,1.031104,1.035570,1.038716,1.040570,1.041189,1.040631,1.038951,1.036190,1.032383,1.027555,1.021724,1.014908,1.007119,0.998370,0.988672,0.978039,0.966483,0.954017,0.940657,0.926416,0.911312,0.895361,0.878581,0.860989,0.842607,0.823453,0.803550,0.782917,0.761579,0.739557,0.716876,0.693561,0.669636,0.645127,0.620060,0.594463,0.568363,0.541787,0.514764,0.487324,0.459494,0.431306,0.402788,0.373972,0.344887,0.315566,0.286038,0.256336,0.226491,0.196534,0.166498,0.136414,0.106315,0.076232,0.046197,0.016242,-0.013601,-0.043301,-0.072825,-0.102143,-0.131224,-0.160035,-0.188548,-0.216731,-0.244554,-0.271989,-0.299004,-0.325573,-0.351665,-0.377254
0.842217,0.847413,0.852655,0.857945,0.863281,0.868670,0.874077,0.879666,0.884842,0.891218,0.895645,0.902205,0.908229,0.912967,0.918765,0.925638,0.931795,0.936859,0.942085,0.948455,0.955642,0.962598,0.968612,0.973792,0.978838,0.984506,0.991208,0.998898,1.007180,1.015505,1.023345,1.030294,1.036096,1.040625,1.043851,1.045799,1.046519,1.046067,1.044492,1.041838,1.038136,1.033412,1.027686,1.020972,1.013286,1.004639,0.995043,0.984511,0.973057,0.960693,0.947434,0.933295,0.918293,0.902443,0.885764,0.868275,0.849994,0.830942,0.811140,0.790609,0.769372,0.747452,0.724873,0.701659,0.677836,0.653429,0.628464,0.602969,0.576970,0.550496,0.523575,0.496237,0.468509,0.440422,0.412006,0.383292,0.354310,0.325090,0.295664,0.266064,0.236321,0.206466,0.176532,0.146551,0.116553,0.086572,0.056639,0.026786,-0.002955,-0.032552,-0.061975,-0.091191,-0.120169,-0.148878,-0.177289,-0.205370,-0.233091,-0.260423,-0.287336,-0.313802
0.833753,0.838956,0.844207,0.849504,0.854849,0.860239,0.865690,0.871119,0.876860,0.881893,0.888539,0.893062,0.899190,0.905745,0.910804,0.916065,0.922708,0.929459,0.935098,0.940150,0.945875,0.952720,0.960022,0.966810,0.972640,0.977808,0.983032,0.988980,0.995961,1.003862,1.012275,1.020672,1.028554,1.035541,1.041392,1.045987,1.049295,1.051337,1.052157,1.051809,1.050341,1.047792,1.044196,1.039576,1.033953,1.027342,1.019758,1.011213,1.001720,0.991290,0.979937,0.967675,0.954517,0.940480,0.925579,0.909831,0.893254,0.875866,0.857687,0.838737,0.819036,0.798607,0.777472,0.755654,0.733176,0.710064,0.686342,0.662037,0.637174,0.611780,0.585884,0.559512,0.532693,0.505456,0.477830,0.449845,0.421531,0.392919,0.364038,0.334920,0.305596,0.276098,0.246457,0.216704,0.186872,0.156993,0.127097,0.097218,0.067387,0.037636,0.007998,-0.021498,-0.050818,-0.079932,-0.108808,-0.137415,-0.165723,-0.193702,-0.221321,-0.248551
0.825374,0.830586,0.835844,0.841150,0.846502,0.851903,0.857344,0.862867,0.868291,0.874231,0.879096,0.885924,0.890748,0.896368,0.903178,0.908821,0.913817,0.919943,0.926923,0.933275,0.938602,0.943890,0.950132,0.957319,0.964628,0.971240,0.976938,0.982147,0.987573,0.993796,1.001035,1.009131,1.017666,1.026133,1.034060,1.041089,1.046993,1.051657,1.055047,1.057182,1.058103,1.057859,1.056496,1.054053,1.050561,1.046046,1.040526,1.034019,1.026537,1.018094,1.008702,0.998374,0.987123,0.974963,0.961907,0.947971,0.933172,0.917525,0.901050,0.883764,0.865686,0.846837,0.827239,0.806911,0.785878,0.764161,0.741785,0.718775,0.695155,0.670951,0.646190,0.620898,0.595103,0.568833,0.542116,0.514981,0.487457,0.459574,0.431362,0.402851,0.374072,0.345057,0.315835,0.286439,0.256899,0.227249,0.197519,0.167741,0.137948,0.108171,0.078442,0.048793,0.019256,-0.010137,-0.039355,-0.068367,-0.097141,-0.125646,-0.153852,-0.181728
0.817078,0.822300,0.827567,0.832881,0.838242,0.843649,0.849106,0.854594,0.860205,0.865588,0.871769,0.876486,0.883347,0.888653,0.893839,0.900565,0.906852,0.911970,0.917543,0.924332,0.931239,0.937174,0.942428,0.948093,0.954800,0.962209,0.969459,0.975906,0.981523,0.986815,0.992457,0.998946,1.006428,1.014703,1.023354,1.031889,1.039864,1.046940,1.052899,1.057633,1.061106,1.063335,1.064356,1.064216,1.062958,1.060620,1.057233,1.052822,1.047406,1.041001,1.033622,1.025281,1.015991,1.005765,0.994615,0.982556,0.969602,0.955768,0.941071,0.925526,0.909152,0.891967,0.873991,0.855244,0.835747,0.815521,0.794589,0.772975,0.750701,0.727792,0.704274,0.680172,0.655512,0.630322,0.604629,0.578461,0.551845,0.524812,0.497390,0.469609,0.441499,0.413090,0.384413,0.355499,0.326379,0.297085,0.267648,0.238099,0.208471,0.178795,0.149104,0.119429,0.089802,0.060255,0.030821,0.001530,-0.027586,-0.056496,-0.085168,-0.113571
0.808867,0.814097,0.819374,0.824697,0.830067,0.835483,0.840945,0.846461,0.851985,0.857711,0.863011,0.869454,0.874100,0.880809,0.886690,0.891662,0.898018,0.904786,0.910371,0.915610,0.921912,0.929008,0.935626,0.941265,0.946642,0.952740,0.959833,0.967367,0.974520,0.980825,0.986407,0.991814,0.997680,1.004427,1.012135,1.020578,1.029338,1.037942,1.045967,1.053092,1.059110,1.063915,1.067473,1.069795,1.070916,1.070879,1.069726,1.067493,1.064211,1.059904,1.054591,1.048289,1.041012,1.032774,1.023586,1.013461,1.002414,0.990456,0.977604,0.963871,0.949275,0.933832,0.917560,0.900477,0.882603,0.863957,0.844562,0.824438,0.803607,0.782094,0.759922,0.737115,0.713699,0.689698,0.665141,0.640052,0.614461,0.588394,0.561881,0.534949,0.507629,0.479950,0.451941,0.423634,0.395060,0.366248,0.337230,0.308037,0.278702,0.249255,0.219729,0.190156,0.160566,0.130993,0.101469,0.072024,0.042691,0.013502,-0.015511,-0.044319
0.800737,0.805978,0.811264,0.816597,0.821976,0.827401,0.832873,0.838388,0.843970,0.849513,0.855389,0.860568,0.867256,0.871963,0.878348,0.884769,0.889831,0.895686,0.902612,0.908827,0.914105,0.919869,0.926749,0.933848,0.940129,0.945635,0.951272,0.957802,0.965195,0.972779,0.979820,0.986014,0.991598,0.997145,1.003239,1.010233,1.018155,1.026755,1.035619,1.044292,1.052370,1.059547,1.065627,1.070505,1.074147,1.076563,1.077783,1.077849,1.076801,1.074673,1.071495,1.067292,1.062083,1.055884,1.048709,1.040573,1.031487,1.021464,1.010518,0.998662,0.985911,0.972281,0.957786,0.942445,0.926274,0.909293,0.891520,0.872976,0.853682,0.833660,0.812931,0.791520,0.769449,0.746744,0.723429,0.699531,0.675075,0.650089,0.624599,0.598634,0.572222,0.545393,0.518174,0.490597,0.462690,0.434485,0.406012,0.377302,0.348386,0.319296,0.290063,0.260718,0.231294,0.201822,0.172335,0.142864,0.113441,0.084099,0.054868,0.025781
0.792690,0.797941,0.803237,0.808580,0.813968,0.819403,0.824883,0.830412,0.835977,0.841635,0.847173,0.853236,0.858275,0.865142,0.870077,0.876036,0.882823,0.888264,0.893692,0.900424,0.907192,0.912872,0.918304,0.924696,0.931901,0.938816,0.944816,0.950345,0.956321,0.963246,0.970859,0.978442,0.985369,0.991482,0.997103,1.002807,1.009130,1.016361,1.024485,1.033234,1.042199,1.050940,1.059073,1.066305,1.072448,1.077401,1.081129,1.083638,1.084958,1.085126,1.084182,1.082159,1.079085,1.074986,1.069880,1.063784,1.056712,1.048677,1.039693,1.029773,1.018928,1.007174,0.994525,0.980996,0.966603,0.951363,0.935294,0.918414,0.900743,0.882301,0.863109,0.843188,0.822562,0.801252,0.779283,0.756679,0.733466,0.709670,0.685316,0.660431,0.635043,0.609180,0.582870,0.556142,0.529025,0.501550,0.473745,0.445642,0.417271,0.388663,0.359849,0.330861,0.301729,0.272486,0.243164,0.213795,0.184410,0.155041,0.125720,0.096480
0.784723,0.789985,0.795292,0.800644,0.806043,0.811487,0.816978,0.822514,0.828101,0.833711,0.839460,0.844961,0.851247,0.856160,0.863088,0.868414,0.873954,0.880842,0.886837,0.892088,0.898382,0.905422,0.911707,0.917171,0.923052,0.929979,0.937271,0.943927,0.949751,0.955427,0.961775,0.969045,0.976809,0.984356,0.991178,0.997240,1.002925,1.008801,1.015350,1.022809,1.031124,1.040015,1.049077,1.057887,1.066077,1.073367,1.079575,1.084604,1.088417,1.091020,1.092439,1.092710,1.091870,1.089951,1.086982,1.082986,1.077984,1.071990,1.065021,1.057089,1.048206,1.038387,1.027645,1.015993,1.003445,0.990018,0.975726,0.960588,0.944621,0.927842,0.910273,0.891933,0.872842,0.853023,0.832498,0.811290,0.789423,0.766921,0.743810,0.720115,0.695862,0.671079,0.645793,0.620032,0.593824,0.567198,0.540183,0.512809,0.485107,0.457105,0.428836,0.400330,0.371618,0.342731,0.313702,0.284561,0.255341,0.226073,0.196790,0.167523
0.776837,0.782109,0.787427,0.792790,0.798199,0.803654,0.809155,0.814702,0.820292,0.825941,0.831585,0.837450,0.842879,0.849405,0.854252,0.861088,0.866914,0.872168,0.878877,0.885427,0.890830,0.896647,0.903599,0.910448,0.916303,0.921894,0.928322,0.935606,0.942817,0.949221,0.954984,0.960897,0.967618,0.975175,0.983034,0.990524,0.997255,1.003294,1.009067,1.015123,1.021897,1.029574,1.038071,1.047097,1.056254,1.065134,1.073383,1.080732,1.087008,1.092113,1.096013,1.098710,1.100228,1.100601,1.099864,1.098050,1.095185,1.091293,1.086393,1.080503,1.073636,1.065806,1.057025,1.047308,1.036667,1.025117,1.012671,0.999345,0.985155,0.970119,0.954253,0.937576,0.920109,0.901870,0.882881,0.863164,0.842740,0.821634,0.799868,0.777468,0.754459,0.730865,0.706715,0.682034,0.656849,0.631190,0.605083,0.578559,0.551646,0.524375,0.496774,0.468874,0.440707,0.412303,0.383693,0.354908,0.325981,0.296942,0.267824,0.238658
0.769029,0.774313,0.779642,0.785017,0.790437,0.795902,0.801413,0.806970,0.812574,0.818217,0.823933,0.829596,0.835607,0.840933,0.847686,0.852574,0.859164,0.865505,0.870703,0.877030,0.883956,0.889797,0.895311,0.901887,0.909044,0.915489,0.921153,0.927110,0.934044,0.941500,0.948535,0.954740,0.960550,0.966756,0.973830,0.981619,0.989529,0.996952,1.003609,1.009651,1.015530,1.021773,1.028767,1.036655,1.045325,1.054480,1.063731,1.072681,1.080990,1.088402,1.094746,1.099929,1.103916,1.106707,1.108324,1.108799,1.108165,1.106454,1.103694,1.099905,1.095109,1.089321,1.082557,1.074829,1.066151,1.056535,1.045996,1.034547,1.022203,1.008979,0.994891,0.979956,0.964191,0.947617,0.930250,0.912113,0.893226,0.873610,0.853289,0.832284,0.810620,0.788322,0.765414,0.741922,0.717874,0.693294,0.668212,0.642654,0.616649,0.590227,0.563416,0.536246,0.508747,0.480950,0.452884,0.424582,0.396074,0.367391,0.338566,0.309629
0.761300,0.766596,0.771937,0.777323,0.782754,0.788231,0.793753,0.799320,0.804933,0.810594,0.816287,0.822082,0.827741,0.833931,0.839136,0.846063,0.851132,0.857366,0.864120,0.869529,0.875418,0.882428,0.888835,0.894362,0.900462,0.907572,0.914567,0.920646,0.926385,0.932815,0.940137,0.947612,0.954441,0.960526,0.966470,0.972998,0.980394,0.988363,0.996292,1.003645,1.010246,1.016313,1.022315,1.028748,1.035959,1.044049,1.052885,1.062166,1.071508,1.080528,1.088900,1.096375,1.102789,1.108052,1.112126,1.115010,1.116726,1.117303,1.116773,1.115166,1.112509,1.108824,1.104131,1.098446,1.091784,1.084158,1.075582,1.066068,1.055631,1.044284,1.032041,1.018918,1.004932,0.990099,0.974436,0.957963,0.940698,0.922663,0.903877,0.884363,0.864143,0.843240,0.821678,0.799481,0.776675,0.753286,0.729338,0.704861,0.679880,0.654424,0.628521,0.602201,0.575492,0.548424,0.521027,0.493331,0.465367,0.437167,0.408761,0.380180
0.753649,0.758957,0.764310,0.769708,0.775151,0.780639,0.786172,0.791751,0.797375,0.803043,0.808764,0.814501,0.820389,0.826016,0.832414,0.837511,0.844516,0.849909,0.855758,0.862727,0.868563,0.874130,0.880927,0.887826,0.893687,0.899439,0.906202,0.913493,0.920158,0.926043,0.932062,0.938966,0.946535,0.953927,0.960562,0.966610,0.972757,0.979613,0.987293,0.995398,1.003321,1.010609,1.017173,1.023286,1.029422,1.036048,1.043470,1.051755,1.060751,1.070153,1.079585,1.088677,1.097112,1.104653,1.111138,1.116481,1.120642,1.123621,1.125435,1.126114,1.125686,1.124183,1.121630,1.118049,1.113459,1.107876,1.101317,1.093793,1.085319,1.075907,1.065572,1.054326,1.042185,1.029164,1.015279,1.000548,0.984987,0.968615,0.951452,0.933518,0.914834,0.895422,0.875304,0.854502,0.833042,0.810947,0.788243,0.764955,0.741109,0.716733,0.691854,0.666500,0.640699,0.614481,0.587873,0.560907,0.533612,0.506018,0.478157,0.450058
0.746075,0.751396,0.756761,0.762171,0.767626,0.773126,0.778671,0.784261,0.789896,0.795577,0.801300,0.807085,0.812855,0.818859,0.824422,0.831044,0.836082,0.843036,0.848865,0.854403,0.861340,0.867701,0.873190,0.879585,0.886731,0.893124,0.898820,0.905120,0.912358,0.919541,0.925883,0.931782,0.938198,0.945510,0.953194,0.960443,0.966927,0.973017,0.979412,0.986590,0.994514,1.002718,1.010620,1.017848,1.024394,1.030570,1.036850,1.043671,1.051299,1.059772,1.068922,1.078442,1.087963,1.097127,1.105628,1.113234,1.119793,1.125216,1.129465,1.132538,1.134451,1.135231,1.134907,1.133507,1.131057,1.127580,1.123093,1.117613,1.111156,1.103734,1.095362,1.086052,1.075819,1.064675,1.052635,1.039716,1.025933,1.011303,0.995843,0.979573,0.962512,0.944680,0.926098,0.906787,0.886770,0.866071,0.844712,0.822719,0.800116,0.776930,0.753186,0.728912,0.704135,0.678883,0.653184,0.627067,0.600561,0.573697,0.546504,0.519012
0.738577,0.743911,0.749289,0.754712,0.760179,0.765691,0.771248,0.776850,0.782497,0.788189,0.793928,0.799704,0.805558,0.811346,0.817493,0.822967,0.829801,0.834867,0.841635,0.847942,0.853338,0.860021,0.866848,0.872550,0.878532,0.885607,0.892529,0.898500,0.904446,0.911340,0.918775,0.925696,0.931832,0.937924,0.944773,0.952392,0.960088,0.967175,0.973564,0.979763,0.986434,0.993916,1.002047,1.010319,1.018190,1.025368,1.031913,1.038168,1.044600,1.051615,1.059445,1.068099,1.077398,1.087032,1.096642,1.105879,1.114446,1.122121,1.128754,1.134258,1.138596,1.141763,1.143774,1.144655,1.144434,1.143137,1.140791,1.137417,1.133033,1.127656,1.121301,1.113982,1.105712,1.096504,1.086372,1.075329,1.063392,1.050574,1.036892,1.022364,1.007006,0.990838,0.973878,0.956148,0.937667,0.918458,0.898543,0.877945,0.856688,0.834797,0.812296,0.789211,0.765569,0.741397,0.716722,0.691571,0.665974,0.639959,0.613555,0.586793
0.731154,0.736501,0.741893,0.747329,0.752809,0.758334,0.763903,0.769517,0.775176,0.780880,0.786629,0.792426,0.798251,0.804186,0.809971,0.816291,0.821660,0.828664,0.833876,0.840347,0.847081,0.852562,0.858864,0.865960,0.872100,0.877838,0.884588,0.891836,0.898310,0.904184,0.910626,0.917969,0.925360,0.931997,0.938087,0.944493,0.951752,0.959572,0.967204,0.974139,0.980494,0.986858,0.993818,1.001581,1.009884,1.018198,1.026035,1.033174,1.039733,1.046081,1.052670,1.059879,1.067905,1.076736,1.086179,1.095925,1.105623,1.114932,1.123568,1.131312,1.138020,1.143606,1.148032,1.151294,1.153404,1.154386,1.154267,1.153074,1.150831,1.147560,1.143279,1.138005,1.131752,1.124535,1.116367,1.107261,1.097231,1.086290,1.074454,1.061738,1.048158,1.033731,1.018475,1.002408,0.985551,0.967922,0.949543,0.930435,0.910622,0.890126,0.868971,0.847181,0.824782,0.801799,0.778259,0.754188,0.729614,0.704566,0.679070,0.653157
0.723806,0.729167,0.734572,0.740021,0.745515,0.751053,0.756635,0.762262,0.767933,0.773649,0.779411,0.785215,0.791074,0.796941,0.802972,0.808728,0.815245,0.820520,0.827613,0.833101,0.839224,0.846240,0.852027,0.857961,0.865056,0.871716,0.877493,0.883820,0.891088,0.898094,0.904224,0.910329,0.917312,0.924886,0.932087,0.938508,0.944704,0.951489,0.959095,0.967019,0.974544,0.981355,0.987737,0.994305,1.001557,1.009574,1.018017,1.026356,1.034156,1.041268,1.047858,1.054309,1.061061,1.068462,1.076680,1.085681,1.095264,1.105120,1.114905,1.124289,1.132993,1.140808,1.147592,1.153260,1.157776,1.161132,1.163340,1.164423,1.164406,1.163317,1.161177,1.158009,1.153831,1.148660,1.142510,1.135395,1.127328,1.118324,1.108396,1.097557,1.085823,1.073208,1.059730,1.045405,1.030250,1.014285,0.997529,0.980002,0.961724,0.942719,0.923007,0.902612,0.881559,0.859871,0.837573,0.814692,0.791254,0.767285,0.742813,0.717866
0.716531,0.721907,0.727326,0.732789,0.738296,0.743847,0.749443,0.755083,0.760767,0.766496,0.772269,0.778088,0.783948,0.789871,0.795772,0.801918,0.807619,0.814346,0.819567,0.826638,0.832510,0.838321,0.845412,0.851653,0.857371,0.864219,0.871305,0.877402,0.883407,0.890409,0.897774,0.904393,0.910444,0.916987,0.924410,0.932013,0.938971,0.945293,0.951718,0.958892,0.966767,0.974715,0.982116,0.988844,0.995305,1.002106,1.009644,1.017888,1.026443,1.034792,1.042558,1.049654,1.056288,1.062853,1.069771,1.077362,1.085768,1.094935,1.104654,1.114618,1.124490,1.133947,1.142722,1.150609,1.157469,1.163221,1.167826,1.171276,1.173583,1.174767,1.174853,1.173866,1.171829,1.168765,1.164690,1.159621,1.153573,1.146560,1.138596,1.129694,1.119867,1.109130,1.097497,1.084984,1.071608,1.057384,1.042331,1.026468,1.009813,0.992388,0.974212,0.955308,0.935698,0.915405,0.894453,0.872867,0.850671,0.827892,0.804555,0.780688
0.709330,0.714720,0.720153,0.725631,0.731152,0.736717,0.742326,0.747979,0.753677,0.759419,0.765205,0.771036,0.776914,0.782825,0.788821,0.794739,0.801025,0.806648,0.813576,0.818818,0.825747,0.832060,0.837679,0.844631,0.851352,0.857095,0.863564,0.870841,0.877431,0.883367,0.889960,0.897385,0.904529,0.910849,0.917092,0.924130,0.931827,0.939312,0.946055,0.952404,0.959138,0.966676,0.974738,0.982652,0.989932,0.996620,1.003207,1.010260,1.018071,1.026515,1.035158,1.043508,1.051244,1.058337,1.065027,1.071713,1.078799,1.086579,1.095168,1.104496,1.114347,1.124418,1.134376,1.143909,1.152755,1.160714,1.167653,1.173488,1.178183,1.181728,1.184132,1.185417,1.185605,1.184721,1.182788,1.179826,1.175854,1.170888,1.164942,1.158032,1.150170,1.141369,1.131644,1.121009,1.109478,1.097067,1.083792,1.069670,1.054718,1.038957,1.022404,1.005080,0.987006,0.968203,0.948695,0.928504,0.907654,0.886169,0.864075,0.841398
0.702201,0.707606,0.713054,0.718546,0.724081,0.729661,0.735284,0.740951,0.746662,0.752418,0.758217,0.764061,0.769949,0.775886,0.781847,0.787924,0.793841,0.800293,0.805825,0.812919,0.818283,0.824964,0.831699,0.837313,0.843965,0.851057,0.857075,0.863192,0.870380,0.877456,0.883620,0.889861,0.897053,0.904555,0.911364,0.917598,0.924216,0.931693,0.939490,0.946784,0.953388,0.959878,0.966961,0.974813,0.982986,0.990829,0.998004,1.004699,1.011448,1.018763,1.026831,1.035449,1.044161,1.052505,1.060216,1.067317,1.074075,1.080889,1.088145,1.096112,1.104879,1.114364,1.124346,1.134521,1.144565,1.154174,1.163091,1.171125,1.178142,1.184062,1.188846,1.192486,1.194989,1.196374,1.196664,1.195883,1.194053,1.191194,1.187325,1.182461,1.176618,1.169810,1.162049,1.153351,1.143727,1.133194,1.121765,1.109455,1.096282,1.082261,1.067412,1.051752,1.035300,1.018078,1.000106,0.981405,0.961998,0.941909,0.921160,0.899778
0.695144,0.700564,0.706027,0.711534,0.717084,0.722678,0.728316,0.733997,0.739722,0.745491,0.751305,0.757162,0.763064,0.769008,0.775008,0.781010,0.787185,0.793077,0.799717,0.805166,0.812356,0.817957,0.824328,0.831384,0.837201,0.843496,0.850747,0.857212,0.863156,0.870035,0.877417,0.884029,0.890145,0.896943,0.904510,0.911830,0.918366,0.924740,0.931810,0.939600,0.947358,0.954452,0.961014,0.967735,0.975171,0.983276,0.991497,0.999249,1.006346,1.013091,1.020032,1.027610,1.035918,1.044686,1.053450,1.061784,1.069477,1.076597,1.083433,1.090381,1.097809,1.105959,1.114902,1.124540,1.134648,1.144927,1.155057,1.164741,1.173732,1.181841,1.188937,1.194941,1.199816,1.203550,1.206151,1.207637,1.208029,1.207351,1.205624,1.202868,1.199101,1.194340,1.188600,1.181893,1.174235,1.165638,1.156117,1.145685,1.134357,1.122150,1.109078,1.095159,1.080411,1.064853,1.048503,1.031382,1.013512,0.994913,0.975608,0.955620
0.688158,0.693593,0.699072,0.704594,0.710159,0.715768,0.721421,0.727116,0.732856,0.738639,0.744467,0.750338,0.756253,0.762214,0.768212,0.774279,0.780313,0.786603,0.792446,0.799286,0.804687,0.811877,0.817820,0.823888,0.831096,0.837285,0.843294,0.850461,0.857402,0.863434,0.869932,0.877343,0.884455,0.890744,0.897184,0.904525,0.912182,0.919214,0.925643,0.932327,0.939827,0.947788,0.955417,0.962350,0.968971,0.975980,0.983750,0.992045,1.000263,1.007920,1.014971,1.021805,1.028960,1.036798,1.045325,1.054221,1.063024,1.071347,1.079030,1.086180,1.093103,1.100189,1.107789,1.116120,1.125234,1.135022,1.145254,1.155635,1.165851,1.175613,1.184678,1.192862,1.200037,1.206127,1.211093,1.214922,1.217621,1.219207,1.219701,1.219125,1.217501,1.214848,1.211184,1.206526,1.200887,1.194283,1.186727,1.178232,1.168812,1.158482,1.147256,1.135150,1.122180,1.108363,1.093717,1.078260,1.062012,1.044993,1.027224,1.008726
0.681242,0.686693,0.692188,0.697725,0.703306,0.708930,0.714598,0.720309,0.726063,0.731861,0.737702,0.743588,0.749517,0.755490,0.761510,0.767561,0.773701,0.779754,0.786181,0.791955,0.798988,0.804403,0.811486,0.817835,0.823685,0.830848,0.837490,0.843391,0.850280,0.857575,0.863941,0.870158,0.877339,0.884816,0.891519,0.897814,0.904769,0.912469,0.919992,0.926769,0.933280,0.940365,0.948212,0.956214,0.963675,0.970515,0.977282,0.984611,0.992677,1.001100,1.009282,1.016851,1.023891,1.030847,1.038230,1.046320,1.055047,1.064053,1.072885,1.081197,1.088877,1.096066,1.103084,1.110313,1.118085,1.126594,1.135876,1.145810,1.156165,1.166647,1.176949,1.186787,1.195927,1.204188,1.211444,1.217620,1.222676,1.226599,1.229397,1.231083,1.231679,1.231205,1.229684,1.227134,1.223573,1.219017,1.213481,1.206979,1.199525,1.191132,1.181814,1.171586,1.160461,1.148457,1.135588,1.121873,1.107328,1.091973,1.075827,1.058909
0.674395,0.679863,0.685374,0.690927,0.696524,0.702164,0.707847,0.713573,0.719342,0.725155,0.731011,0.736911,0.742855,0.748843,0.754872,0.760953,0.767053,0.773276,0.779329,0.785918,0.791612,0.798805,0.804325,0.811200,0.817959,0.823742,0.830687,0.837744,0.843770,0.850304,0.857722,0.864557,0.870727,0.877540,0.885122,0.892322,0.898766,0.905371,0.912832,0.920652,0.927933,0.934577,0.941329,0.948829,0.956911,0.964854,0.972154,0.978979,0.985963,0.993617,1.001932,1.010431,1.018554,1.026051,1.033113,1.040221,1.047840,1.056173,1.065080,1.074178,1.083031,1.091334,1.099019,1.106257,1.113377,1.120753,1.128695,1.137381,1.146827,1.156904,1.167380,1.177961,1.188349,1.198266,1.207481,1.215819,1.223156,1.229418,1.234565,1.238584,1.241479,1.243266,1.243963,1.243592,1.242174,1.239726,1.236268,1.231815,1.226381,1.219981,1.212629,1.204338,1.195122,1.184995,1.173972,1.162070,1.149303,1.135689,1.121246,1.105992
0.667617,0.673102,0.678629,0.684199,0.689812,0.695468,0.701166,0.706908,0.712693,0.718521,0.724393,0.730307,0.736266,0.742268,0.748314,0.754400,0.760545,0.766686,0.773007,0.779039,0.785808,0.791429,0.798724,0.804452,0.811051,0.818150,0.824053,0.830680,0.838006,0.844364,0.850613,0.857904,0.865180,0.871572,0.878057,0.885468,0.893059,0.899899,0.906366,0.913444,0.921264,0.929005,0.936047,0.942714,0.949810,0.957678,0.965879,0.973705,0.980879,0.987771,0.995018,1.002984,1.011499,1.020029,1.028083,1.035529,1.042648,1.049930,1.057789,1.066351,1.075420,1.084597,1.093464,1.101761,1.109459,1.116755,1.123983,1.131507,1.139621,1.148480,1.158087,1.168305,1.178898,1.189580,1.200053,1.210048,1.219340,1.227755,1.235175,1.241523,1.246761,1.250875,1.253868,1.255755,1.256554,1.256285,1.254969,1.252625,1.249269,1.244918,1.239587,1.233289,1.226039,1.217850,1.208735,1.198710,1.187790,1.175988,1.163323,1.149811
0.660907,0.666409,0.671953,0.677540,0.683169,0.688842,0.694556,0.700314,0.706115,0.711959,0.717845,0.723776,0.729749,0.735766,0.741826,0.747932,0.754073,0.760286,0.766459,0.772895,0.778884,0.785844,0.791421,0.798733,0.804767,0.811080,0.818383,0.824579,0.830898,0.838279,0.845082,0.851236,0.858221,0.865763,0.872576,0.878929,0.885996,0.893730,0.901061,0.907680,0.914425,0.921982,0.929962,0.937510,0.944396,0.951233,0.958713,0.966867,0.975088,0.982774,0.989879,0.996907,1.004446,1.012699,1.021363,1.029891,1.037875,1.045295,1.052499,1.059974,1.068072,1.076850,1.086065,1.095306,1.104186,1.112480,1.120199,1.127559,1.134901,1.142577,1.150860,1.159890,1.169655,1.180011,1.190721,1.201501,1.212060,1.222134,1.231503,1.239997,1.247499,1.253934,1.259263,1.263472,1.266563,1.268550,1.269451,1.269285,1.268071,1.265829,1.262576,1.258328,1.253099,1.246903,1.239755,1.231668,1.222655,1.212732,1.201913,1.190213
0.654265,0.659784,0.665346,0.670950,0.676596,0.682284,0.688016,0.693790,0.699607,0.705467,0.711369,0.717315,0.723304,0.729336,0.735412,0.741530,0.747696,0.753890,0.760177,0.766369,0.772941,0.778868,0.786013,0.791602,0.798834,0.805243,0.811325,0.818658,0.825261,0.831388,0.838612,0.845839,0.852142,0.858782,0.866335,0.873616,0.880108,0.886829,0.894427,0.902153,0.909167,0.915799,0.922974,0.930899,0.938861,0.946190,0.953044,0.960160,0.968013,0.976358,0.984524,0.992077,0.999178,1.006402,1.014241,1.022744,1.031513,1.040015,1.047936,1.055357,1.062673,1.070353,1.078687,1.087667,1.097010,1.106307,1.115196,1.123491,1.131238,1.138672,1.146132,1.153960,1.162413,1.171611,1.181532,1.192023,1.202848,1.213726,1.224371,1.234525,1.243971,1.252544,1.260129,1.266651,1.272072,1.276376,1.279565,1.281652,1.282654,1.282590,1.281479,1.279340,1.276190,1.272044,1.266917,1.260824,1.253777,1.245792,1.236881,1.227060
0.647690,0.653227,0.658806,0.664427,0.670090,0.675796,0.681544,0.687335,0.693168,0.699044,0.704963,0.710925,0.716930,0.722978,0.729069,0.735203,0.741379,0.747607,0.753849,0.760221,0.766414,0.773143,0.778999,0.786301,0.791982,0.799039,0.805841,0.811814,0.819005,0.826031,0.832159,0.839085,0.846588,0.853247,0.859657,0.866988,0.874616,0.881478,0.888022,0.895294,0.903175,0.910672,0.917480,0.924351,0.931980,0.940110,0.947932,0.955090,0.962042,0.969499,0.977675,0.986117,0.994186,1.001636,1.008798,1.016258,1.024393,1.033108,1.041942,1.050402,1.058273,1.065721,1.073173,1.081066,1.089630,1.098798,1.108256,1.117599,1.126495,1.134798,1.142580,1.150093,1.157676,1.165658,1.174279,1.183643,1.193716,1.204341,1.215280,1.226255,1.236986,1.247219,1.256744,1.265397,1.273065,1.279675,1.285187,1.289586,1.292874,1.295061,1.296164,1.296202,1.295194,1.293157,1.290109,1.286066,1.281041,1.275050,1.268106,1.260222
0.641180,0.646735,0.652332,0.657971,0.663652,0.669375,0.675141,0.680948,0.686799,0.692691,0.698627,0.704605,0.710626,0.716690,0.722797,0.728946,0.735140,0.741373,0.747665,0.753949,0.760419,0.766594,0.773497,0.779289,0.786696,0.792561,0.799374,0.806524,0.812551,0.819478,0.826837,0.833178,0.839785,0.847338,0.854447,0.860851,0.867841,0.875580,0.882908,0.889539,0.896463,0.904220,0.912102,0.919315,0.926115,0.933369,0.941377,0.949551,0.957185,0.964263,0.971422,0.979239,0.987665,0.996126,1.004078,1.011472,1.018753,1.026478,1.034892,1.043778,1.052645,1.061056,1.068892,1.076393,1.084000,1.092112,1.100899,1.110239,1.119799,1.129182,1.138086,1.146400,1.154225,1.161823,1.169533,1.177670,1.186457,1.195985,1.206208,1.216964,1.228015,1.239087,1.249904,1.260218,1.269821,1.278555,1.286307,1.293004,1.298608,1.303103,1.306488,1.308776,1.309980,1.310120,1.309214,1.307280,1.304335,1.300394,1.295472,1.289582
0.634736,0.640310,0.645925,0.651582,0.657281,0.663021,0.668804,0.674630,0.680497,0.686407,0.692359,0.698354,0.704392,0.710472,0.716595,0.722761,0.728969,0.735223,0.741510,0.747873,0.754188,0.760773,0.766910,0.773996,0.779749,0.787187,0.793328,0.799873,0.807263,0.813513,0.820138,0.827660,0.834374,0.840769,0.848153,0.855656,0.862298,0.868991,0.876586,0.884305,0.891268,0.897995,0.905436,0.913461,0.921151,0.928164,0.935155,0.942836,0.951094,0.959189,0.966647,0.973755,0.981200,0.989355,0.997953,1.006374,1.014215,1.021604,1.029055,1.037058,1.045725,1.054745,1.063619,1.071980,1.079801,1.087378,1.095155,1.103489,1.112489,1.121989,1.131638,1.141056,1.149969,1.158300,1.166173,1.173863,1.181702,1.189994,1.198947,1.208637,1.219007,1.229892,1.241055,1.252223,1.263127,1.273521,1.283204,1.292019,1.299855,1.306640,1.312336,1.316926,1.320410,1.322797,1.324102,1.324344,1.323541,1.321710,1.318867,1.315028
0.628357,0.633949,0.639583,0.645258,0.650975,0.656734,0.662535,0.668378,0.674263,0.680190,0.686160,0.692172,0.698226,0.704323,0.710462,0.716645,0.722870,0.729137,0.735452,0.741791,0.748230,0.754564,0.761283,0.767366,0.774630,0.780393,0.787773,0.794260,0.800572,0.808051,0.814653,0.821040,0.828520,0.835665,0.842048,0.849126,0.856843,0.863895,0.870475,0.877758,0.885651,0.893071,0.899860,0.906956,0.914851,0.922903,0.930338,0.937314,0.944637,0.952706,0.961072,0.969017,0.976360,0.983602,0.991374,0.999823,1.008515,1.016859,1.024612,1.032049,1.039710,1.047991,1.056882,1.066000,1.074862,1.083179,1.091004,1.098680,1.106640,1.115195,1.124398,1.134044,1.143774,1.153221,1.162145,1.170498,1.178427,1.186213,1.194184,1.202632,1.211749,1.221598,1.232113,1.243126,1.254399,1.265663,1.276653,1.287129,1.296891,1.305788,1.313708,1.320582,1.326371,1.331056,1.334637,1.337124,1.338531,1.338875,1.338174,1.336445
0.622042,0.627653,0.633306,0.639000,0.644735,0.650513,0.656332,0.662193,0.668096,0.674041,0.680028,0.686057,0.692129,0.698242,0.704399,0.710598,0.716839,0.723124,0.729449,0.735827,0.742214,0.748739,0.755076,0.761948,0.767968,0.775386,0.781230,0.788463,0.795325,0.801499,0.808904,0.815913,0.822211,0.829478,0.836984,0.843578,0.850351,0.858042,0.865532,0.872249,0.879209,0.887016,0.894844,0.901944,0.908843,0.916423,0.924590,0.932491,0.939728,0.946841,0.954560,0.962919,0.971271,0.979052,0.986365,0.993826,1.001933,1.010613,1.019334,1.027584,1.035285,1.042820,1.050718,1.059270,1.068353,1.077538,1.086377,1.094657,1.102508,1.110302,1.118455,1.127228,1.136623,1.146404,1.156205,1.165679,1.174615,1.182995,1.190986,1.198873,1.206979,1.215583,1.224862,1.234868,1.245526,1.256665,1.268047,1.279407,1.290483,1.301041,1.310884,1.319862,1.327868,1.334831,1.340711,1.345492,1.349171,1.351758,1.353266,1.353712
0.615790,0.621421,0.627093,0.632806,0.638560,0.644356,0.650194,0.656073,0.661994,0.667957,0.673962,0.680009,0.686098,0.692230,0.698403,0.704619,0.710878,0.717178,0.723523,0.729905,0.736349,0.742778,0.749401,0.755723,0.762764,0.768726,0.776252,0.782261,0.789278,0.796488,0.802666,0.809862,0.817239,0.823641,0.830607,0.838307,0.845277,0.851877,0.859340,0.867147,0.874214,0.880995,0.888522,0.896559,0.904107,0.911064,0.918308,0.926324,0.934553,0.942230,0.949397,0.956787,0.964893,0.973421,0.981675,0.989320,0.996696,1.004436,1.012857,1.021704,1.030403,1.038560,1.046250,1.053928,1.062080,1.070886,1.080129,1.089356,1.098164,1.106420,1.114317,1.122245,1.130598,1.139585,1.149162,1.159066,1.168930,1.178429,1.187380,1.195794,1.203851,1.211843,1.220085,1.228845,1.238286,1.248447,1.259247,1.270510,1.282000,1.293455,1.304618,1.315257,1.325181,1.334242,1.342333,1.349385,1.355358,1.360234,1.364012,1.366698
0.609602,0.615252,0.620943,0.626675,0.632449,0.638264,0.644121,0.650019,0.655959,0.661940,0.667963,0.674028,0.680135,0.686284,0.692475,0.698709,0.704984,0.711302,0.717662,0.724068,0.730504,0.737019,0.743480,0.750217,0.756506,0.763724,0.769652,0.777218,0.783479,0.790247,0.797722,0.804062,0.810979,0.818596,0.825283,0.831980,0.839656,0.847053,0.853700,0.860843,0.868744,0.876252,0.883095,0.890291,0.898280,0.906240,0.913503,0.920564,0.928259,0.936562,0.944686,0.952165,0.959414,0.967162,0.975589,0.984172,0.992288,0.999857,1.007380,1.015429,1.024126,1.033074,1.041719,1.049798,1.057521,1.065379,1.073792,1.082832,1.092204,1.101451,1.110226,1.118473,1.126434,1.134513,1.143068,1.152264,1.162013,1.172029,1.181950,1.191472,1.200442,1.208893,1.217023,1.225123,1.233504,1.242420,1.252020,1.262334,1.273273,1.284660,1.296257,1.307807,1.319057,1.329779,1.339784,1.348928,1.357105,1.364246,1.370311,1.375283
0.603475,0.609145,0.614856,0.620608,0.626402,0.632236,0.638112,0.644029,0.649987,0.655988,0.662029,0.668113,0.674238,0.680405,0.686614,0.692865,0.699158,0.705494,0.711872,0.718290,0.724758,0.731247,0.737839,0.744319,0.751188,0.757429,0.764819,0.770756,0.778283,0.784864,0.791402,0.799012,0.805650,0.812310,0.819985,0.827066,0.833633,0.841100,0.848839,0.855752,0.862635,0.870394,0.878276,0.885416,0.892397,0.900128,0.908311,0.916017,0.923149,0.930522,0.938643,0.947048,0.954981,0.962360,0.969826,0.977949,0.986603,0.995148,1.003126,1.010693,1.018434,1.026796,1.035718,1.044712,1.053283,1.061311,1.069109,1.077176,1.085849,1.095098,1.104571,1.113823,1.122568,1.130819,1.138864,1.147104,1.155865,1.165264,1.175173,1.185292,1.195265,1.204810,1.213801,1.222295,1.230502,1.238714,1.247235,1.256306,1.266065,1.276530,1.287607,1.299115,1.310819,1.322464,1.333800,1.344605,1.354692,1.363919,1.372182,1.379413
0.597410,0.603100,0.608832,0.614604,0.620417,0.626271,0.632166,0.638103,0.644081,0.650100,0.656160,0.662262,0.668406,0.674592,0.680819,0.687088,0.693399,0.699752,0.706147,0.712585,0.719062,0.725594,0.732130,0.738809,0.745295,0.752313,0.758498,0.766039,0.772049,0.779453,0.786391,0.792773,0.800365,0.807382,0.813890,0.821443,0.828921,0.835559,0.842727,0.850619,0.857937,0.864740,0.872208,0.880268,0.887835,0.894830,0.902232,0.910382,0.918495,0.925942,0.933159,0.940951,0.949378,0.957728,0.965469,0.972876,0.980652,0.989117,0.997893,1.006341,1.014213,1.021857,1.029862,1.038523,1.047614,1.056608,1.065102,1.073111,1.081025,1.089320,1.098244,1.107677,1.117226,1.126471,1.135191,1.143464,1.151609,1.160020,1.168987,1.178581,1.188641,1.198854,1.208874,1.218442,1.227458,1.236000,1.244288,1.252616,1.261278,1.270504,1.280420,1.291034,1.302247,1.313875,1.325685,1.337424,1.348848,1.359735,1.369905,1.379216
0.591406,0.597117,0.602869,0.608661,0.614494,0.620368,0.626284,0.632240,0.638237,0.644276,0.650355,0.656477,0.662639,0.668843,0.675089,0.681377,0.687706,0.694077,0.700490,0.706945,0.713444,0.719978,0.726576,0.733154,0.739932,0.746405,0.753588,0.759721,0.767371,0.773531,0.780744,0.788027,0.794374,0.801811,0.809206,0.815729,0.823031,0.830798,0.837704,0.844612,0.852436,0.860161,0.867118,0.874287,0.882282,0.890250,0.897502,0.904672,0.912576,0.920910,0.928797,0.936113,0.943604,0.951812,0.960385,0.968584,0.976200,0.983760,0.991889,1.000626,1.009430,1.017757,1.025577,1.033369,1.041665,1.050592,1.059797,1.068759,1.077185,1.085210,1.093274,1.101810,1.110973,1.120562,1.130165,1.139396,1.148099,1.156410,1.164670,1.173261,1.182433,1.192214,1.202415,1.212715,1.222778,1.232370,1.241414,1.250009,1.258383,1.266828,1.275632,1.285013,1.295085,1.305846,1.317193,1.328940,1.340856,1.352689,1.364200,1.375171
0.585462,0.591194,0.596967,0.602780,0.608633,0.614528,0.620463,0.626439,0.632456,0.638515,0.644614,0.650754,0.656936,0.663159,0.669424,0.675730,0.682078,0.688468,0.694899,0.701372,0.707887,0.714447,0.721036,0.727706,0.734317,0.741208,0.747652,0.755006,0.761109,0.768808,0.775198,0.782181,0.789744,0.796201,0.803394,0.811080,0.817799,0.824820,0.832694,0.839989,0.846789,0.854372,0.862375,0.869677,0.876683,0.884425,0.892625,0.900288,0.907446,0.915027,0.923326,0.931609,0.939257,0.946629,0.954505,0.963039,0.971611,0.979632,0.987225,0.995040,1.003515,1.012438,1.021200,1.029410,1.037243,1.045242,1.053834,1.062985,1.072256,1.081165,1.089540,1.097619,1.105861,1.114643,1.124027,1.133749,1.143388,1.152601,1.161297,1.169661,1.178050,1.186826,1.196200,1.206161,1.216495,1.226873,1.236978,1.246593,1.255670,1.264322,1.272785,1.281351,1.290298,1.299833,1.310058,1.320966,1.332445,1.344311,1.356331,1.368259
0.579578,0.585331,0.591125,0.596959,0.602833,0.608748,0.614704,0.620701,0.626738,0.632816,0.638935,0.645095,0.651297,0.657539,0.663823,0.670149,0.676515,0.682923,0.689373,0.695865,0.702399,0.708972,0.715595,0.722237,0.728985,0.735616,0.742638,0.749039,0.756560,0.762672,0.770347,0.777035,0.783795,0.791527,0.798231,0.805165,0.812990,0.820046,0.826862,0.834644,0.842335,0.849239,0.856524,0.864588,0.872312,0.879379,0.886812,0.895003,0.903079,0.910470,0.917815,0.925870,0.934357,0.942445,0.949955,0.957558,0.965836,0.974563,0.983030,0.990908,0.998592,1.006722,1.015502,1.024522,1.033196,1.041322,1.049234,1.057481,1.066358,1.075687,1.084982,1.093830,1.102179,1.110345,1.118789,1.127815,1.137400,1.147231,1.156891,1.166087,1.174788,1.183220,1.191750,1.200715,1.210288,1.220421,1.230877,1.241330,1.251472,1.261114,1.270226,1.278940,1.287496,1.296185,1.305275,1.314963,1.325342,1.336393,1.348004,1.359986
0.573753,0.579528,0.585343,0.591198,0.597094,0.603030,0.609006,0.615023,0.621081,0.627179,0.633319,0.639499,0.645720,0.651982,0.658286,0.664630,0.671016,0.677444,0.683912,0.690423,0.696974,0.703569,0.710201,0.716889,0.723578,0.730414,0.737051,0.744219,0.750571,0.758240,0.764419,0.771991,0.779018,0.785611,0.793374,0.800423,0.807166,0.814954,0.822402,0.829175,0.836719,0.844691,0.851893,0.858958,0.866871,0.874944,0.882293,0.889514,0.897488,0.905825,0.913615,0.920940,0.928676,0.937114,0.945578,0.953444,0.960978,0.968926,0.977548,0.986331,0.994643,1.002456,1.010332,1.018799,1.027817,1.036857,1.045427,1.053514,1.061566,1.070086,1.079224,1.088683,1.097971,1.106761,1.115110,1.123397,1.132057,1.141321,1.151088,1.161006,1.170676,1.179857,1.188575,1.197090,1.205771,1.214928,1.224695,1.234992,1.245563,1.256084,1.266262,1.275932,1.285084,1.293863,1.302516,1.311329,1.320564,1.330404,1.340934,1.352128
0.567987,0.573784,0.579620,0.585497,0.591414,0.597371,0.603368,0.609407,0.615485,0.621604,0.627764,0.633964,0.640206,0.646488,0.652811,0.659176,0.665581,0.672028,0.678516,0.685045,0.691616,0.698228,0.704883,0.711573,0.718329,0.725059,0.731995,0.738622,0.745950,0.752256,0.760036,0.766351,0.773754,0.781120,0.787648,0.795305,0.802727,0.809416,0.817020,0.824812,0.831736,0.838999,0.847059,0.854660,0.861690,0.869323,0.877559,0.885315,0.892530,0.900198,0.908563,0.916768,0.924317,0.931825,0.940011,0.948651,0.956954,0.964673,0.972389,0.980723,0.989581,0.998310,1.006475,1.014319,1.022462,1.031249,1.040430,1.049432,1.057904,1.066008,1.074251,1.083052,1.092417,1.101964,1.111221,1.119962,1.128344,1.136778,1.145666,1.155157,1.165084,1.175070,1.184743,1.193914,1.202661,1.211273,1.220113,1.229463,1.239420,1.249871,1.260551,1.271134,1.281349,1.291048,1.300243,1.309091,1.317844,1.326784,1.336163,1.346155
0.562279,0.568097,0.573956,0.579854,0.585793,0.591772,0.597791,0.603850,0.609949,0.616089,0.622270,0.628491,0.634753,0.641056,0.647399,0.653783,0.660208,0.666675,0.673182,0.679731,0.686321,0.692952,0.699624,0.706342,0.713087,0.719916,0.726678,0.733727,0.740329,0.747824,0.754103,0.761939,0.768467,0.775658,0.783313,0.789909,0.797358,0.805102,0.811905,0.819247,0.827247,0.834485,0.841541,0.849488,0.857463,0.864675,0.872034,0.880206,0.888349,0.895790,0.903219,0.911393,0.919874,0.927815,0.935310,0.943183,0.951747,0.960399,0.968499,0.976204,0.984223,0.992912,1.001883,1.010492,1.018559,1.026530,1.034982,1.044048,1.053316,1.062244,1.070644,1.078822,1.087295,1.096370,1.105924,1.115520,1.124735,1.133444,1.141887,1.150493,1.159612,1.169318,1.179384,1.189422,1.199092,1.208259,1.217049,1.225770,1.234775,1.244319,1.254460,1.265060,1.275840,1.286483,1.296732,1.306462,1.315705,1.324626,1.333482,1.342549
0.556628,0.562469,0.568350,0.574270,0.580231,0.586231,0.592272,0.598353,0.604474,0.610635,0.616836,0.623078,0.629361,0.635684,0.642048,0.648453,0.654898,0.661384,0.667912,0.674480,0.681090,0.687740,0.694433,0.701164,0.707946,0.714743,0.721651,0.728435,0.735612,0.742176,0.749834,0.756122,0.763946,0.770752,0.777729,0.785579,0.792376,0.799579,0.807523,0.814595,0.821696,0.829718,0.837346,0.844364,0.852060,0.860264,0.867826,0.875050,0.882983,0.891358,0.899183,0.906563,0.914438,0.922965,0.931319,0.939042,0.946702,0.955003,0.963791,0.972319,0.980263,0.988101,0.996480,1.005443,1.014419,1.022889,1.030933,1.039113,1.047884,1.057168,1.066458,1.075297,1.083665,1.091970,1.100697,1.110030,1.119733,1.129347,1.138515,1.147213,1.155747,1.164544,1.173894,1.183798,1.193983,1.204060,1.213725,1.222897,1.231741,1.240582,1.249760,1.259495,1.269814,1.280555,1.291429,1.302128,1.312412,1.322176,1.331469,1.340467
0.551034,0.556897,0.562801,0.568744,0.574726,0.580749,0.586812,0.592914,0.599057,0.605240,0.611463,0.617726,0.624030,0.630374,0.636758,0.643183,0.649649,0.656156,0.662703,0.669292,0.675921,0.682592,0.689303,0.696057,0.702847,0.709694,0.716539,0.723535,0.730327,0.737648,0.744168,0.751972,0.758320,0.766060,0.773188,0.779993,0.787913,0.795018,0.802008,0.809993,0.817428,0.824401,0.832273,0.840254,0.847435,0.854858,0.863084,0.871047,0.878349,0.885993,0.894375,0.902603,0.910168,0.917791,0.926142,0.934773,0.942888,0.950554,0.958549,0.967227,0.976069,0.984415,0.992310,1.000401,1.009137,1.018269,1.027170,1.035523,1.043632,1.052079,1.061149,1.070585,1.079848,1.088603,1.096986,1.105464,1.114456,1.124021,1.133835,1.143442,1.152566,1.161277,1.169929,1.178930,1.188508,1.198594,1.208879,1.218983,1.228643,1.237828,1.246740,1.255711,1.265065,1.274990,1.285482,1.296356,1.307319,1.318071,1.328389,1.338190
0.545496,0.551382,0.557308,0.563274,0.569279,0.575324,0.581409,0.587534,0.593699,0.599903,0.606148,0.612433,0.618758,0.625123,0.631529,0.637975,0.644462,0.650989,0.657557,0.664165,0.670815,0.677505,0.684237,0.691008,0.697824,0.704672,0.711588,0.718474,0.725570,0.732355,0.739832,0.746311,0.754226,0.760702,0.768291,0.775750,0.782468,0.790328,0.797791,0.804674,0.812544,0.820346,0.827364,0.834982,0.843177,0.850683,0.857934,0.865991,0.874274,0.881857,0.889303,0.897492,0.905996,0.913922,0.921472,0.929531,0.938211,0.946732,0.954641,0.962448,0.970850,0.979777,0.988536,0.996721,1.004697,1.013115,1.022155,1.031352,1.040136,1.048425,1.056680,1.065425,1.074756,1.084279,1.093482,1.102175,1.110621,1.119308,1.128565,1.138330,1.148220,1.157804,1.166895,1.175644,1.184437,1.193651,1.203449,1.213700,1.224069,1.234192,1.243849,1.253057,1.262047,1.271158,1.280690,1.290803,1.301462,1.312462,1.323509,1.334311
0.540013,0.545923,0.551872,0.557861,0.563889,0.569957,0.576064,0.582212,0.588398,0.594625,0.600892,0.607198,0.613545,0.619932,0.626359,0.632826,0.639334,0.645882,0.652471,0.659100,0.665770,0.672481,0.679232,0.686025,0.692857,0.699736,0.706639,0.713629,0.720548,0.727756,0.734519,0.742159,0.748615,0.756591,0.763264,0.770659,0.778411,0.785162,0.792853,0.800652,0.807580,0.815227,0.823307,0.830546,0.837914,0.846131,0.854027,0.861292,0.869078,0.877497,0.885472,0.892914,0.900818,0.909382,0.917715,0.925424,0.933226,0.941736,0.950525,0.958829,0.966672,0.974780,0.983558,0.992583,1.001186,1.009291,1.017465,1.026232,1.035492,1.044668,1.053332,1.061628,1.070095,1.079143,1.088682,1.098235,1.107365,1.116026,1.124584,1.133506,1.143017,1.152949,1.162883,1.172436,1.181507,1.190320,1.199274,1.208707,1.218715,1.229113,1.239551,1.249686,1.259343,1.268584,1.277665,1.286922,1.296636,1.306934,1.317752,1.328872
0.534586,0.540519,0.546492,0.552504,0.558555,0.564646,0.570776,0.576946,0.583156,0.589405,0.595694,0.602022,0.608391,0.614800,0.621248,0.627737,0.634266,0.640836,0.647445,0.654096,0.660786,0.667518,0.674290,0.681102,0.687956,0.694848,0.701791,0.708747,0.715817,0.722758,0.730093,0.736823,0.744622,0.751087,0.759062,0.765996,0.773187,0.781154,0.788065,0.795527,0.803572,0.810702,0.818099,0.826300,0.833885,0.841110,0.849171,0.857401,0.864882,0.872424,0.880765,0.889109,0.896765,0.904435,0.912846,0.921480,0.929535,0.937254,0.945475,0.954304,0.963005,0.971113,0.979066,0.987555,0.996610,1.005597,1.014041,1.022176,1.030636,1.039726,1.049111,1.058207,1.066779,1.075157,1.083885,1.093217,1.102906,1.112446,1.121503,1.130174,1.138884,1.148055,1.157802,1.167868,1.177821,1.187339,1.196408,1.205309,1.214442,1.224095,1.234300,1.244830,1.255323,1.265466,1.275129,1.284414,1.293595,1.303005,1.312901,1.323380
0.529213,0.535171,0.541167,0.547202,0.553277,0.559391,0.565544,0.571737,0.577969,0.584241,0.590553,0.596904,0.603295,0.609726,0.616196,0.622707,0.629258,0.635849,0.642480,0.649151,0.655863,0.662615,0.669408,0.676241,0.683115,0.690031,0.696982,0.703992,0.710995,0.718154,0.725104,0.732581,0.739271,0.747214,0.753735,0.761642,0.768882,0.775898,0.783968,0.791150,0.798392,0.806543,0.813992,0.821207,0.829352,0.837311,0.844571,0.852377,0.860783,0.868620,0.876061,0.884171,0.892733,0.900755,0.908363,0.916499,0.925230,0.933689,0.941556,0.949524,0.958176,0.967127,0.975636,0.983663,0.991878,1.000743,1.009939,1.018805,1.027143,1.035421,1.044209,1.053560,1.062983,1.071972,1.080505,1.089035,1.098048,1.107630,1.117413,1.126909,1.135909,1.144630,1.153527,1.162952,1.172911,1.183078,1.193031,1.202519,1.211606,1.220618,1.229941,1.239813,1.250203,1.260847,1.271384,1.281533,1.291208,1.300546,1.309838,1.319407
0.523895,0.529876,0.535896,0.541956,0.548054,0.554191,0.560368,0.566584,0.572840,0.579134,0.585469,0.591842,0.598256,0.604709,0.611202,0.617735,0.624308,0.630920,0.637573,0.644266,0.650999,0.657773,0.664586,0.671441,0.678336,0.685270,0.692249,0.699258,0.706337,0.713382,0.720640,0.727586,0.735216,0.741870,0.749925,0.756564,0.764338,0.771898,0.778813,0.786862,0.794380,0.801480,0.809583,0.817395,0.824567,0.832518,0.840776,0.848254,0.855819,0.864202,0.872422,0.879967,0.887806,0.896375,0.904785,0.912553,0.920436,0.929043,0.937817,0.946020,0.953906,0.962272,0.971243,0.980135,0.988455,0.996557,1.005125,1.014290,1.023499,1.032216,1.040538,1.049051,1.058167,1.067700,1.077091,1.085978,1.094534,1.103274,1.112576,1.122362,1.132188,1.141625,1.150593,1.159407,1.168518,1.178192,1.188335,1.198574,1.208514,1.217978,1.227105,1.236249,1.245773,1.255857,1.266418,1.277161,1.287734,1.297889,1.307582,1.316984
0.518629,0.524635,0.530680,0.536763,0.542885,0.549047,0.555247,0.561487,0.567765,0.574083,0.580441,0.586838,0.593274,0.599750,0.606265,0.612820,0.619415,0.626050,0.632725,0.639440,0.646195,0.652990,0.659825,0.666700,0.673616,0.680573,0.687568,0.694610,0.701675,0.708829,0.715906,0.723277,0.730204,0.737993,0.744627,0.752748,0.759570,0.767167,0.775022,0.781940,0.789857,0.797716,0.804803,0.812731,0.820864,0.828165,0.835865,0.844265,0.852089,0.859536,0.867729,0.876232,0.884068,0.891730,0.900117,0.908803,0.916905,0.924689,0.933033,0.941922,0.950528,0.958562,0.966684,0.975466,0.984579,0.993305,1.001528,1.009850,1.018787,1.028138,1.037265,1.045860,1.054268,1.063076,1.072483,1.082115,1.091429,1.100245,1.108890,1.117880,1.127455,1.137396,1.147224,1.156599,1.165569,1.174513,1.183856,1.193768,1.204066,1.214351,1.224270,1.233724,1.242912,1.252205,1.261935,1.272226,1.282943,1.293772,1.304372,1.314534
0.513417,0.519447,0.525516,0.531624,0.537771,0.543956,0.550180,0.556444,0.562746,0.569088,0.575469,0.581889,0.588348,0.594847,0.601385,0.607963,0.614581,0.621238,0.627935,0.634672,0.641449,0.648265,0.655122,0.662019,0.668957,0.675934,0.682953,0.690008,0.697115,0.704232,0.711467,0.718568,0.726065,0.732962,0.740907,0.747550,0.755679,0.762747,0.770149,0.778234,0.785276,0.792989,0.801125,0.808348,0.816042,0.824373,0.831953,0.839447,0.847805,0.856001,0.863517,0.871449,0.880052,0.888270,0.895943,0.904061,0.912820,0.921315,0.929218,0.937301,0.946084,0.955007,0.963376,0.971428,0.979925,0.989030,0.998118,1.006664,1.014923,1.023565,1.032822,1.042238,1.051237,1.059776,1.068363,1.077490,1.087128,1.096784,1.106004,1.114795,1.123591,1.132853,1.142672,1.152717,1.162519,1.171842,1.180847,1.189957,1.199540,1.209672,1.220096,1.230407,1.240303,1.249760,1.259029,1.268487,1.278427,1.288915,1.299774,1.310676
0.508257,0.514312,0.520406,0.526539,0.532710,0.538919,0.545168,0.551455,0.557782,0.564147,0.570552,0.576995,0.583478,0.590000,0.596562,0.603162,0.609803,0.616483,0.623202,0.629962,0.636761,0.643599,0.650478,0.657397,0.664356,0.671355,0.678394,0.685475,0.692590,0.699764,0.706929,0.714254,0.721365,0.729001,0.735863,0.743949,0.750646,0.758719,0.766079,0.773308,0.781523,0.788800,0.796295,0.804589,0.812081,0.819562,0.827930,0.835868,0.843290,0.851458,0.859940,0.867707,0.875428,0.883934,0.892497,0.900387,0.908284,0.916911,0.925716,0.933926,0.941887,0.950417,0.959462,0.968230,0.976441,0.984707,0.993606,1.002880,1.011832,1.020263,1.028698,1.037695,1.047179,1.056561,1.065433,1.074003,1.082842,1.092275,1.102070,1.111694,1.120828,1.129650,1.138647,1.148185,1.158210,1.168314,1.178071,1.187361,1.196440,1.205741,1.215566,1.225897,1.236420,1.246739,1.256614,1.266091,1.275463,1.285098,1.295246,1.305923
0.503149,0.509229,0.515348,0.521506,0.527701,0.533936,0.540209,0.546521,0.552871,0.559261,0.565689,0.572156,0.578663,0.585209,0.591793,0.598418,0.605081,0.611784,0.618526,0.625308,0.632130,0.638991,0.645892,0.652833,0.659814,0.666835,0.673896,0.680996,0.688140,0.695313,0.702558,0.709765,0.717189,0.724297,0.732084,0.738914,0.747113,0.753919,0.761876,0.769547,0.776662,0.784891,0.792481,0.799809,0.808117,0.815952,0.823324,0.831571,0.839851,0.847380,0.855298,0.863898,0.872026,0.879689,0.887963,0.896723,0.904968,0.912805,0.921178,0.930105,0.938706,0.946758,0.955025,0.963971,0.973052,0.981602,0.989821,0.998436,1.007666,1.016952,1.025735,1.034166,1.042880,1.052209,1.061812,1.071096,1.079882,1.088574,1.097708,1.107407,1.117287,1.126842,1.135918,1.144829,1.154064,1.163867,1.174055,1.184179,1.193885,1.203167,1.212355,1.221867,1.231929,1.242434,1.253032,1.263349,1.273208,1.282723,1.292215,1.302036
0.498092,0.504198,0.510342,0.516525,0.522745,0.529005,0.535303,0.541639,0.548014,0.554428,0.560881,0.567372,0.573902,0.580472,0.587080,0.593728,0.600415,0.607141,0.613907,0.620712,0.627556,0.634440,0.641364,0.648327,0.655330,0.662373,0.669456,0.676579,0.683740,0.690949,0.698177,0.705498,0.712738,0.720274,0.727367,0.735309,0.742122,0.750390,0.757369,0.765163,0.773128,0.780223,0.788355,0.796281,0.803550,0.811737,0.819912,0.827328,0.835355,0.843869,0.851665,0.859383,0.867914,0.876399,0.884201,0.892224,0.900977,0.909596,0.917583,0.925710,0.934548,0.943478,0.951819,0.959953,0.968651,0.977850,0.986795,0.995191,1.003596,1.012601,1.022028,1.031212,1.039867,1.048425,1.057474,1.067066,1.076687,1.085851,1.094621,1.103512,1.112951,1.122860,1.132761,1.142234,1.151293,1.160347,1.169842,1.179887,1.190192,1.200307,1.209966,1.219271,1.228599,1.238336,1.248623,1.259279,1.269929,1.280235,1.290089,1.299659
0.493086,0.499218,0.505388,0.511595,0.517841,0.524126,0.530449,0.536810,0.543210,0.549648,0.556125,0.562641,0.569196,0.575789,0.582422,0.589093,0.595804,0.602554,0.609343,0.616171,0.623038,0.629945,0.636892,0.643878,0.650903,0.657969,0.665074,0.672219,0.679405,0.686626,0.693900,0.701182,0.708584,0.715847,0.723508,0.730576,0.738670,0.745493,0.753778,0.760988,0.768598,0.776803,0.783991,0.791945,0.800167,0.807516,0.815496,0.823926,0.831545,0.839341,0.847924,0.856076,0.863735,0.872059,0.880787,0.888891,0.896766,0.905339,0.914221,0.922528,0.930547,0.939148,0.948233,0.956959,0.965171,0.973608,0.982705,0.991952,1.000696,1.009083,1.017808,1.027151,1.036632,1.045663,1.054283,1.063076,1.072460,1.082222,1.091785,1.100847,1.109681,1.118829,1.128555,1.138608,1.148481,1.157880,1.166972,1.176216,1.185975,1.196230,1.206611,1.216698,1.226323,1.235682,1.245178,1.255146,1.265643,1.276424,1.287107,1.297400
0.488131,0.494288,0.500484,0.506717,0.512989,0.519299,0.525647,0.532033,0.538458,0.544921,0.551423,0.557964,0.564543,0.571161,0.577817,0.584513,0.591248,0.598021,0.604834,0.611685,0.618576,0.625507,0.632476,0.639485,0.646534,0.653622,0.660749,0.667917,0.675123,0.682372,0.689654,0.696996,0.704325,0.711817,0.719092,0.726891,0.733927,0.742161,0.749035,0.757276,0.764764,0.772204,0.780561,0.787951,0.795695,0.804117,0.811681,0.819440,0.827985,0.835922,0.843571,0.852054,0.860549,0.868333,0.876410,0.885197,0.893673,0.901584,0.909901,0.918855,0.927541,0.935657,0.944002,0.953029,0.962095,0.970584,0.978886,0.987736,0.997086,1.006220,1.014811,1.023354,1.032452,1.042023,1.051440,1.060335,1.069033,1.078131,1.087806,1.097641,1.107105,1.116112,1.125088,1.134523,1.144499,1.154632,1.164446,1.173796,1.182971,1.192439,1.202457,1.212884,1.223305,1.233353,1.242964,1.252409,1.262094,1.272294,1.282982,1.293865
0.483225,0.489409,0.495630,0.501889,0.508187,0.514522,0.520896,0.527308,0.533758,0.540247,0.546774,0.553339,0.559943,0.566585,0.573266,0.579986,0.586745,0.593543,0.600379,0.607255,0.614169,0.621123,0.628116,0.635148,0.642220,0.649331,0.656482,0.663672,0.670902,0.678170,0.685482,0.692822,0.700236,0.707607,0.715199,0.722473,0.730419,0.737427,0.745774,0.752751,0.760889,0.768679,0.775997,0.784398,0.792075,0.799639,0.808130,0.816005,0.823610,0.832112,0.840401,0.848053,0.856324,0.865048,0.873116,0.881022,0.889686,0.898482,0.906620,0.914734,0.923564,0.932557,0.940956,0.949161,0.957968,0.967208,0.976078,0.984455,0.993049,1.002287,1.011704,1.020655,1.029216,1.038046,1.047490,1.057157,1.066443,1.075272,1.084156,1.093582,1.103472,1.113298,1.122657,1.131676,1.140860,1.150587,1.160759,1.170916,1.180661,1.189996,1.199305,1.209018,1.219277,1.229836,1.240268,1.250276,1.259897,1.269457,1.279349,1.289775
0.478369,0.484579,0.490826,0.497112,0.503435,0.509797,0.516196,0.522634,0.529110,0.535623,0.542176,0.548766,0.555395,0.562062,0.568768,0.575513,0.582296,0.589118,0.595979,0.602878,0.609817,0.616795,0.623811,0.630867,0.637962,0.645096,0.652270,0.659483,0.666735,0.674028,0.681358,0.688735,0.696131,0.703620,0.711025,0.718729,0.725991,0.734089,0.741083,0.749503,0.756642,0.764631,0.772713,0.779993,0.788329,0.796332,0.803801,0.812224,0.820441,0.828018,0.836350,0.844935,0.852759,0.860798,0.869581,0.878009,0.885904,0.894336,0.903298,0.911787,0.919855,0.928445,0.937570,0.946343,0.954605,0.963154,0.972355,0.981568,0.990219,0.998685,1.007674,1.017172,1.026503,1.035300,1.043982,1.053165,1.062866,1.072511,1.081662,1.090522,1.099672,1.109405,1.119424,1.129184,1.138463,1.147566,1.157005,1.167005,1.177316,1.187453,1.197133,1.206498,1.215982,1.225950,1.236423,1.247078,1.257499,1.267474,1.277130,1.286834
0.473561,0.479798,0.486072,0.492384,0.498734,0.505121,0.511547,0.518010,0.524512,0.531051,0.537629,0.544245,0.550899,0.557592,0.564323,0.571092,0.577900,0.584747,0.591632,0.598556,0.605519,0.612520,0.619561,0.626640,0.633759,0.640917,0.648114,0.655350,0.662626,0.669941,0.677297,0.684687,0.692131,0.699579,0.707151,0.714580,0.722408,0.729647,0.737895,0.744900,0.753343,0.760701,0.768518,0.776846,0.784191,0.792377,0.800686,0.808186,0.816437,0.824947,0.832651,0.840758,0.849505,0.857634,0.865522,0.874193,0.882948,0.891018,0.899222,0.908156,0.917002,0.925223,0.933580,0.942634,0.951740,0.960255,0.968643,0.977638,0.987033,0.996062,1.004609,1.013349,1.022718,1.032308,1.041475,1.050220,1.059153,1.068684,1.078524,1.088069,1.097129,1.106123,1.115583,1.125570,1.135634,1.145301,1.154548,1.163804,1.173521,1.183759,1.194150,1.204240,1.213876,1.223317,1.233008,1.243228,1.253884,1.264601,1.274997,1.284952
0.468802,0.475065,0.481366,0.487705,0.494081,0.500495,0.506947,0.513437,0.519964,0.526530,0.533133,0.539775,0.546455,0.553173,0.559929,0.566723,0.573556,0.580428,0.587338,0.594286,0.601274,0.608300,0.615365,0.622468,0.629611,0.636792,0.644013,0.651273,0.658572,0.665911,0.673288,0.680707,0.688157,0.695670,0.703166,0.710829,0.718271,0.726234,0.733446,0.741832,0.748885,0.757294,0.764919,0.772569,0.781066,0.788584,0.796573,0.805114,0.812778,0.820815,0.829504,0.837470,0.845385,0.854129,0.862610,0.870504,0.878956,0.887906,0.896293,0.904382,0.913132,0.922223,0.930756,0.939008,0.947845,0.957126,0.966007,0.974425,0.983162,0.992528,1.001897,1.010723,1.019349,1.028466,1.038107,1.047641,1.056654,1.065482,1.074744,1.084557,1.094422,1.103840,1.112888,1.122103,1.131875,1.142042,1.152083,1.161661,1.170938,1.180402,1.190399,1.200828,1.211250,1.221281,1.230903,1.240463,1.250386,1.260846,1.271651,1.282399
0.464090,0.470381,0.476709,0.483074,0.489478,0.495918,0.502397,0.508913,0.515467,0.522058,0.528688,0.535355,0.542061,0.548805,0.555586,0.562406,0.569265,0.576161,0.583096,0.590070,0.597082,0.604132,0.611222,0.618350,0.625517,0.632722,0.639967,0.647251,0.654573,0.661935,0.669337,0.676776,0.684259,0.691768,0.699353,0.706891,0.714654,0.722097,0.730205,0.737393,0.745892,0.753043,0.761362,0.769278,0.776801,0.785369,0.793148,0.800951,0.809606,0.817544,0.825399,0.834119,0.842422,0.850258,0.858854,0.867638,0.875710,0.883937,0.892902,0.901649,0.909805,0.918312,0.927461,0.936362,0.944703,0.953295,0.962547,0.971774,0.980424,0.988990,0.998156,1.007708,1.016909,1.025632,1.034511,1.044001,1.053762,1.063154,1.072094,1.081132,1.090739,1.100734,1.110536,1.119848,1.128977,1.138471,1.148523,1.158792,1.168767,1.178283,1.187655,1.197368,1.207628,1.218195,1.228609,1.238583,1.248228,1.257948,1.268114,1.278793
0.459426,0.465744,0.472099,0.478492,0.484922,0.491390,0.497895,0.504438,0.511018,0.517636,0.524292,0.530986,0.537717,0.544487,0.551295,0.558140,0.565024,0.571946,0.578906,0.585905,0.592942,0.600018,0.607132,0.614284,0.621476,0.628706,0.635975,0.643282,0.650629,0.658015,0.665439,0.672904,0.680405,0.687954,0.695518,0.703180,0.710753,0.718626,0.726060,0.734317,0.741493,0.750068,0.757372,0.765556,0.773760,0.781230,0.789763,0.797853,0.805536,0.814174,0.822441,0.830213,0.838824,0.847453,0.855368,0.863743,0.872695,0.881077,0.889178,0.897996,0.907031,0.915431,0.923757,0.932782,0.941980,0.950590,0.959036,0.968096,0.977528,0.986534,0.995115,1.004026,1.013548,1.023084,1.032095,1.040881,1.050114,1.059891,1.069630,1.078871,1.087856,1.097193,1.107102,1.117170,1.126863,1.136127,1.145426,1.155224,1.165500,1.175798,1.185690,1.195189,1.204717,1.214699,1.225190,1.235844,1.246222,1.256155,1.265865,1.275776
0.454809,0.461154,0.467537,0.473957,0.480415,0.486910,0.493442,0.500011,0.506619,0.513263,0.519946,0.526666,0.533424,0.540220,0.547053,0.553925,0.560834,0.567782,0.574768,0.581792,0.588854,0.595955,0.603094,0.610272,0.617488,0.624742,0.632036,0.639368,0.646739,0.654149,0.661597,0.669085,0.676613,0.684175,0.691791,0.699408,0.707153,0.714751,0.722747,0.730162,0.738567,0.745754,0.754358,0.761870,0.769891,0.778347,0.785859,0.794268,0.802668,0.810339,0.818847,0.827426,0.835256,0.843669,0.852532,0.860678,0.868851,0.877803,0.886536,0.894677,0.903264,0.912431,0.921179,0.929480,0.938275,0.947601,0.956574,0.965058,0.973870,0.983306,0.992665,1.001463,1.010201,1.019525,1.029233,1.038619,1.047524,1.056535,1.066137,1.076064,1.085688,1.094836,1.103988,1.113659,1.123788,1.133838,1.143420,1.152715,1.162253,1.172345,1.182777,1.193048,1.202863,1.212403,1.222136,1.232388,1.243068,1.253763,1.264093,1.274010
0.450238,0.456611,0.463022,0.469470,0.475955,0.482477,0.489036,0.495633,0.502267,0.508939,0.515648,0.522395,0.529180,0.536002,0.542862,0.549759,0.556695,0.563669,0.570680,0.577730,0.584818,0.591944,0.599108,0.606311,0.613552,0.620832,0.628150,0.635507,0.642902,0.650336,0.657809,0.665321,0.672871,0.680463,0.688085,0.695771,0.703437,0.711272,0.718884,0.727014,0.734405,0.742946,0.750180,0.758760,0.766526,0.774386,0.783025,0.790682,0.798911,0.807565,0.815353,0.823665,0.832473,0.840503,0.848706,0.857656,0.866129,0.874211,0.883013,0.892035,0.900389,0.908773,0.917886,0.926973,0.935439,0.944016,0.953278,0.962578,0.971293,0.979933,0.989197,0.998779,1.007927,1.016674,1.025745,1.035417,1.045127,1.054332,1.063280,1.072623,1.082525,1.092467,1.101947,1.111103,1.120518,1.130503,1.140756,1.150725,1.160232,1.169643,1.179462,1.189812,1.200329,1.210538,1.220305,1.229944,1.239917,1.250424,1.261246,1.271946
0.445713,0.452114,0.458553,0.465029,0.471541,0.478091,0.484678,0.491302,0.497964,0.504663,0.511399,0.518173,0.524984,0.531833,0.538719,0.545644,0.552606,0.559605,0.566643,0.573719,0.580832,0.587984,0.595174,0.602402,0.609668,0.616973,0.624316,0.631698,0.639118,0.646577,0.654074,0.661610,0.669186,0.676798,0.684455,0.692136,0.699894,0.707602,0.715538,0.723153,0.731426,0.738796,0.747450,0.754777,0.763278,0.771326,0.779057,0.787788,0.795681,0.803724,0.812531,0.820552,0.828670,0.837576,0.845907,0.853973,0.862855,0.871662,0.879814,0.888395,0.897560,0.906242,0.914551,0.923472,0.932779,0.941557,0.950039,0.959098,0.968580,0.977643,0.986285,0.995303,1.004910,1.014413,1.023371,1.032273,1.041744,1.051610,1.061190,1.070284,1.079426,1.089129,1.099214,1.109071,1.118443,1.127721,1.137450,1.147690,1.157972,1.167837,1.177331,1.186933,1.197046,1.207599,1.218138,1.228273,1.238034,1.247826,1.258058,1.268793
0.441233,0.447663,0.454130,0.460634,0.467175,0.473752,0.480367,0.487019,0.493708,0.500434,0.507198,0.513999,0.520837,0.527713,0.534626,0.541577,0.548565,0.555591,0.562655,0.569757,0.576897,0.584075,0.591290,0.598544,0.605836,0.613166,0.620535,0.627941,0.635387,0.642870,0.650392,0.657953,0.665552,0.673192,0.680866,0.688589,0.696326,0.704162,0.711905,0.719951,0.727558,0.735979,0.743338,0.752071,0.759544,0.767921,0.776253,0.783918,0.792642,0.800829,0.808734,0.817571,0.825899,0.833892,0.842753,0.851418,0.859479,0.868181,0.877239,0.885619,0.894005,0.903139,0.912165,0.920577,0.929268,0.938614,0.947747,0.956323,0.965147,0.974618,0.984025,0.992865,1.001695,1.011146,1.020881,1.030185,1.039100,1.048321,1.058135,1.068023,1.077434,1.086547,1.095994,1.106010,1.116150,1.125877,1.135223,1.144721,1.154769,1.165179,1.175417,1.185192,1.194749,1.204599,1.214990,1.225682,1.236195,1.246265,1.256071,1.266061
0.436799,0.443257,0.449753,0.456285,0.462854,0.469460,0.476102,0.482782,0.489499,0.496253,0.503044,0.509872,0.516738,0.523640,0.530581,0.537559,0.544574,0.551627,0.558717,0.565846,0.573012,0.580215,0.587457,0.594737,0.602055,0.609410,0.616804,0.624237,0.631707,0.639216,0.646763,0.654349,0.661973,0.669635,0.677338,0.685074,0.692865,0.700654,0.708574,0.716343,0.724511,0.732102,0.740668,0.748040,0.756807,0.764478,0.772703,0.781289,0.788976,0.797602,0.806097,0.813957,0.822704,0.831353,0.839343,0.848047,0.856995,0.865205,0.873692,0.882855,0.891561,0.899872,0.908837,0.918115,0.926790,0.935326,0.944540,0.953955,0.962795,0.971477,0.980774,0.990402,0.999575,1.008382,1.017591,1.027362,1.037020,1.046148,1.055208,1.064815,1.074836,1.084618,1.093910,1.103184,1.112979,1.123210,1.133300,1.142911,1.152332,1.162118,1.172445,1.182936,1.193090,1.202817,1.212513,1.222639,1.233271,1.244039,1.254498,1.264528
0.432409,0.438896,0.445420,0.451981,0.458578,0.465212,0.471883,0.478591,0.485336,0.492118,0.498937,0.505792,0.512686,0.519616,0.526583,0.533588,0.540631,0.547711,0.554828,0.561983,0.569175,0.576406,0.583674,0.590980,0.598323,0.605705,0.613125,0.620583,0.628079,0.635613,0.643185,0.650796,0.658445,0.666133,0.673859,0.681626,0.689422,0.697283,0.705121,0.713132,0.720916,0.729217,0.736788,0.745488,0.752905,0.761656,0.769570,0.777639,0.786421,0.794228,0.802692,0.811457,0.819390,0.827968,0.836880,0.845007,0.853506,0.862618,0.871105,0.879434,0.888540,0.897578,0.905982,0.914724,0.924092,0.933112,0.941651,0.950642,0.960175,0.969367,0.978082,0.987142,0.996801,1.006326,1.015306,1.024319,1.033944,1.043835,1.053308,1.062392,1.071754,1.081704,1.091773,1.101398,1.110683,1.120231,1.130349,1.140677,1.150657,1.160212,1.169808,1.179905,1.190445,1.200937,1.210998,1.220740,1.230638,1.241047,1.251868,1.262657
0.428063,0.434579,0.441132,0.447722,0.454348,0.461011,0.467710,0.474446,0.481219,0.488029,0.494876,0.501760,0.508680,0.515638,0.522633,0.529666,0.536735,0.543842,0.550987,0.558169,0.565388,0.572645,0.579940,0.587272,0.594642,0.602050,0.609496,0.616979,0.624501,0.632061,0.639659,0.647295,0.654970,0.662683,0.670434,0.678222,0.686055,0.693910,0.701845,0.709725,0.717836,0.725625,0.734066,0.741619,0.750432,0.757938,0.766622,0.774808,0.782747,0.791640,0.799659,0.807942,0.816892,0.825017,0.833400,0.842466,0.850850,0.859174,0.868300,0.877120,0.885423,0.894351,0.903632,0.912284,0.920855,0.930141,0.939478,0.948201,0.956990,0.966456,0.975967,0.984900,0.993787,1.003300,1.013072,1.022372,1.031345,1.040732,1.050662,1.060485,1.069791,1.079007,1.088740,1.098913,1.108902,1.118402,1.127812,1.137692,1.148054,1.158372,1.168235,1.177821,1.187669,1.198061,1.208733,1.219171,1.229161,1.238987,1.249134,1.259807
0.423761,0.430307,0.436889,0.443507,0.450162,0.456854,0.463582,0.470346,0.477148,0.483986,0.490861,0.497773,0.504722,0.511707,0.518730,0.525790,0.532887,0.540022,0.547194,0.554403,0.561649,0.568933,0.576254,0.583613,0.591010,0.598444,0.605916,0.613426,0.620974,0.628560,0.636184,0.643846,0.651546,0.659284,0.667060,0.674876,0.682726,0.690626,0.698537,0.706550,0.714466,0.722687,0.730471,0.739057,0.746602,0.755496,0.763141,0.771711,0.780176,0.788040,0.796950,0.805245,0.813379,0.822399,0.830805,0.839036,0.848118,0.856824,0.865076,0.874080,0.883202,0.891637,0.900352,0.909721,0.918708,0.927247,0.936335,0.945862,0.954899,0.963613,0.972881,0.982572,0.991841,1.000714,1.009996,1.019830,1.029485,1.038616,1.047803,1.057590,1.067642,1.077294,1.086551,1.096046,1.106123,1.116372,1.126220,1.135687,1.145337,1.155545,1.166046,1.176282,1.186065,1.195777,1.205919,1.216559,1.227282,1.237639,1.247604,1.257581
0.419502,0.426077,0.432689,0.439336,0.446020,0.452741,0.459498,0.466291,0.473121,0.479988,0.486892,0.493832,0.500809,0.507823,0.514874,0.521962,0.529086,0.536248,0.543448,0.550684,0.557958,0.565269,0.572617,0.580003,0.587426,0.594887,0.602386,0.609923,0.617497,0.625109,0.632759,0.640446,0.648172,0.655936,0.663738,0.671578,0.679458,0.687370,0.695338,0.703302,0.711399,0.719342,0.727684,0.735454,0.744184,0.751742,0.760675,0.768509,0.776937,0.785658,0.793527,0.802363,0.810960,0.819021,0.827994,0.836715,0.844894,0.853869,0.862883,0.871206,0.880012,0.889326,0.898029,0.906589,0.915885,0.925192,0.933872,0.942745,0.952286,0.961667,0.970486,0.979532,0.989216,0.998823,1.007873,1.016962,1.026675,1.036592,1.046034,1.055175,1.064726,1.074812,1.084808,1.094300,1.103669,1.113520,1.123838,1.134038,1.143756,1.153312,1.163272,1.173749,1.184284,1.194410,1.204185,1.214106,1.224546,1.235366,1.246075,1.256352
0.415286,0.421891,0.428532,0.435209,0.441922,0.448672,0.455458,0.462281,0.469140,0.476035,0.482967,0.489936,0.496942,0.503984,0.511063,0.518179,0.525332,0.532522,0.539749,0.547013,0.554314,0.561652,0.569028,0.576441,0.583891,0.591379,0.598905,0.606468,0.614069,0.621707,0.629383,0.637097,0.644849,0.652639,0.660467,0.668333,0.676236,0.684181,0.692154,0.700193,0.708206,0.716394,0.724353,0.732826,0.740579,0.749441,0.757044,0.765968,0.774035,0.782313,0.791239,0.799206,0.807900,0.816776,0.824872,0.833705,0.842712,0.850970,0.859761,0.868998,0.877534,0.886149,0.895501,0.904536,0.913077,0.922186,0.931703,0.940666,0.949415,0.958813,0.968455,0.977541,0.986455,0.995976,1.005809,1.015175,1.024216,1.033705,1.043705,1.053502,1.062793,1.072147,1.082087,1.092301,1.102142,1.111576,1.121200,1.131395,1.141821,1.151898,1.161560,1.171316,1.181602,1.192258,1.202746,1.212778,1.222630,1.232817,1.243530,1.254453
0.411112,0.417747,0.424418,0.431124,0.437867,0.444647,0.451462,0.458314,0.465202,0.472127,0.479088,0.486085,0.493119,0.500190,0.507298,0.514442,0.521623,0.528841,0.536096,0.543388,0.550717,0.558083,0.565486,0.572927,0.580404,0.587919,0.595472,0.603062,0.610689,0.618354,0.626057,0.633798,0.641576,0.649392,0.657246,0.665137,0.673068,0.681034,0.689045,0.697077,0.705190,0.713245,0.721534,0.729500,0.738112,0.745849,0.754824,0.762512,0.771378,0.779709,0.787857,0.796910,0.805066,0.813587,0.822673,0.830922,0.839570,0.848775,0.857239,0.865840,0.875167,0.884009,0.892521,0.901767,0.911105,0.919791,0.928690,0.938255,0.947557,0.956342,0.965523,0.975264,0.984693,0.993645,1.002941,1.012819,1.022531,1.031715,1.040999,1.050897,1.060964,1.070560,1.079868,1.089574,1.099811,1.109988,1.119674,1.129197,1.139158,1.149614,1.160023,1.169971,1.179683,1.189722,1.200297,1.211033,1.221428,1.231418,1.241431,1.251909
0.406981,0.413645,0.420346,0.427083,0.433855,0.440664,0.447509,0.454391,0.461308,0.468262,0.475252,0.482279,0.489342,0.496441,0.503577,0.510750,0.517960,0.525206,0.532489,0.539809,0.547166,0.554560,0.561991,0.569459,0.576964,0.584507,0.592087,0.599704,0.607358,0.615050,0.622780,0.630547,0.638352,0.646194,0.654074,0.661993,0.669948,0.677943,0.685972,0.694050,0.702138,0.710330,0.718421,0.726820,0.734782,0.743537,0.751270,0.760328,0.768147,0.776911,0.785515,0.793581,0.802673,0.811087,0.819452,0.828645,0.837143,0.845623,0.854902,0.863660,0.872139,0.881414,0.890577,0.899130,0.908182,0.917711,0.926674,0.935441,0.944895,0.954489,0.963479,0.972478,0.982144,0.991879,1.001045,1.010172,1.019922,1.029892,1.039371,1.048585,1.058266,1.068430,1.078379,1.087836,1.097350,1.107434,1.117811,1.127851,1.137467,1.147217,1.157521,1.168117,1.178427,1.188298,1.198170,1.208525,1.219316,1.230046,1.240342,1.250364
0.402890,0.409585,0.416316,0.423083,0.429886,0.436725,0.443599,0.450510,0.457457,0.464440,0.471460,0.478516,0.485608,0.492737,0.499902,0.507103,0.514342,0.521616,0.528928,0.536276,0.543662,0.551084,0.558543,0.566039,0.573572,0.581142,0.588749,0.596393,0.604075,0.611794,0.619551,0.627345,0.635177,0.643046,0.650953,0.658897,0.666879,0.674899,0.682959,0.691049,0.699197,0.707338,0.715614,0.723733,0.732251,0.740203,0.749099,0.756845,0.765947,0.773948,0.782578,0.791438,0.799495,0.808536,0.817243,0.825514,0.834699,0.843501,0.851890,0.861114,0.870188,0.878668,0.887783,0.897202,0.905945,0.914804,0.924365,0.933661,0.942444,0.951695,0.961444,0.970753,0.979700,0.989171,0.999076,1.008570,1.017679,1.027211,1.037265,1.047094,1.056424,1.065896,1.075968,1.086190,1.095952,1.105426,1.115277,1.125660,1.136022,1.145911,1.155591,1.165657,1.176240,1.186856,1.197042,1.206926,1.217046,1.227703,1.238620,1.249284
0.398841,0.405567,0.412328,0.419125,0.425958,0.432827,0.439732,0.446673,0.453649,0.460662,0.467711,0.474797,0.481918,0.489076,0.496270,0.503501,0.510768,0.518072,0.525412,0.532789,0.540202,0.547653,0.555140,0.562664,0.570225,0.577823,0.585458,0.593130,0.600840,0.608586,0.616370,0.624191,0.632050,0.639946,0.647879,0.655851,0.663859,0.671906,0.679989,0.688115,0.696266,0.704485,0.712675,0.721043,0.729179,0.737828,0.745765,0.754792,0.762582,0.771682,0.779906,0.788393,0.797464,0.805599,0.814518,0.823509,0.831783,0.840860,0.849959,0.858375,0.867447,0.876787,0.885410,0.894328,0.903873,0.912913,0.921666,0.931114,0.940700,0.949662,0.958719,0.968452,0.978091,0.987162,0.996423,1.006318,1.016142,1.025417,1.034757,1.044717,1.054823,1.064432,1.073818,1.083679,1.094003,1.104116,1.113745,1.123413,1.133632,1.144173,1.154417,1.164224,1.174099,1.184503,1.195260,1.205805,1.215899,1.225900,1.236318,1.247222
0.394833,0.401589,0.408381,0.415209,0.422072,0.428971,0.435906,0.442877,0.449884,0.456927,0.464005,0.471120,0.478271,0.485459,0.492682,0.499942,0.507238,0.514571,0.521940,0.529346,0.536788,0.544267,0.551783,0.559335,0.566924,0.574551,0.582214,0.589914,0.597651,0.605425,0.613236,0.621085,0.628971,0.636894,0.644854,0.652853,0.660888,0.668961,0.677073,0.685219,0.693411,0.701622,0.709915,0.718148,0.726617,0.734761,0.743547,0.751471,0.760612,0.768483,0.777533,0.786013,0.794371,0.803584,0.811886,0.820643,0.829862,0.838252,0.847161,0.856492,0.865062,0.873946,0.883441,0.892324,0.901089,0.910611,0.919975,0.928768,0.938019,0.947770,0.957032,0.966000,0.975577,0.985453,0.994796,1.003942,1.013679,1.023725,1.033303,1.042584,1.052336,1.062558,1.072515,1.082000,1.091650,1.101887,1.112271,1.122207,1.131848,1.141836,1.152359,1.162910,1.173010,1.182852,1.193019,1.203718,1.214533,1.224966,1.235039,1.245249
0.390865,0.397652,0.404475,0.411333,0.418227,0.425157,0.432122,0.439123,0.446160,0.453233,0.460342,0.467487,0.474668,0.481884,0.489138,0.496427,0.503753,0.511114,0.518513,0.525947,0.533419,0.540926,0.548471,0.556052,0.563669,0.571324,0.579015,0.586743,0.594508,0.602310,0.610149,0.618026,0.625939,0.633890,0.641877,0.649903,0.657965,0.666066,0.674203,0.682379,0.690589,0.698848,0.707115,0.715488,0.723758,0.732335,0.740479,0.749405,0.757326,0.766552,0.774550,0.783506,0.792255,0.800525,0.809796,0.818337,0.826936,0.836294,0.844900,0.853636,0.863091,0.871919,0.880648,0.890160,0.899360,0.908086,0.917463,0.927090,0.936076,0.945141,0.954894,0.964485,0.973526,0.982893,0.992844,1.002524,1.011719,1.021240,1.031336,1.041253,1.050657,1.060205,1.070359,1.080606,1.090358,1.099914,1.109944,1.120427,1.130711,1.140520,1.150337,1.160684,1.171385,1.181839,1.191845,1.201849,1.212346,1.223250,1.234028,1.244359
0.386936,0.393755,0.400609,0.407498,0.414423,0.421383,0.428379,0.435411,0.442478,0.449581,0.456720,0.463895,0.471106,0.478353,0.485636,0.492955,0.500310,0.507701,0.515129,0.522593,0.530093,0.537630,0.545203,0.552813,0.560459,0.568142,0.575862,0.583618,0.591412,0.599242,0.607109,0.615013,0.622954,0.630932,0.638948,0.647000,0.655090,0.663218,0.671383,0.679584,0.687826,0.696097,0.704426,0.712747,0.721205,0.729502,0.738199,0.746335,0.755400,0.763336,0.772609,0.780780,0.789612,0.798616,0.806865,0.816107,0.824931,0.833420,0.842806,0.851697,0.860313,0.869765,0.878902,0.887575,0.896979,0.906473,0.915306,0.924486,0.934246,0.943532,0.952509,0.962125,0.971976,0.981246,0.990454,1.000316,1.010287,1.019699,1.029061,1.039039,1.049216,1.058898,1.068356,1.078315,1.088699,1.098795,1.108442,1.118261,1.128656,1.139205,1.149325,1.159134,1.169252,1.179909,1.190648,1.200967,1.210980,1.221248,1.232050,1.243053
0.383048,0.389897,0.396782,0.403703,0.410658,0.417650,0.424677,0.431739,0.438837,0.445971,0.453140,0.460345,0.467586,0.474863,0.482176,0.489525,0.496910,0.504331,0.511788,0.519282,0.526811,0.534377,0.541980,0.549618,0.557294,0.565005,0.572754,0.580539,0.588361,0.596219,0.604114,0.612047,0.620016,0.628022,0.636065,0.644145,0.652263,0.660417,0.668609,0.676839,0.685104,0.693412,0.701745,0.710146,0.718515,0.727065,0.735382,0.744207,0.752330,0.761527,0.769505,0.778781,0.787169,0.795863,0.805084,0.813394,0.822533,0.831641,0.840105,0.849417,0.858608,0.867206,0.876546,0.885973,0.894722,0.903945,0.913637,0.922709,0.931728,0.941467,0.951075,0.960116,0.969531,0.979499,0.989090,0.998276,1.007944,1.018068,1.027802,1.037151,1.046921,1.057196,1.067217,1.076765,1.086512,1.096848,1.107243,1.117149,1.126873,1.137061,1.147700,1.158165,1.168159,1.178123,1.188590,1.199446,1.210114,1.220329,1.230469,1.241051
0.379198,0.386079,0.392996,0.399947,0.406934,0.413957,0.421015,0.428108,0.435237,0.442401,0.449601,0.456837,0.464108,0.471416,0.478759,0.486138,0.493553,0.501004,0.508491,0.516014,0.523573,0.531168,0.538800,0.546468,0.554172,0.561913,0.569690,0.577504,0.585355,0.593242,0.601165,0.609126,0.617123,0.625157,0.633229,0.641337,0.649482,0.657664,0.665884,0.674140,0.682435,0.690764,0.699139,0.707531,0.716007,0.724420,0.733070,0.741396,0.750357,0.758470,0.767779,0.775837,0.785071,0.793706,0.802274,0.811648,0.820105,0.829094,0.838446,0.846991,0.856156,0.865604,0.874306,0.883472,0.893106,0.902060,0.911105,0.920856,0.930240,0.939209,0.948803,0.958663,0.967921,0.977167,0.987088,0.996992,1.006325,1.015797,1.025902,1.035956,1.045468,1.055051,1.065248,1.075554,1.085355,1.094993,1.105145,1.115689,1.125936,1.135748,1.145729,1.156275,1.166992,1.177304,1.187285,1.197528,1.208311,1.219236,1.229781,1.239976
0.375387,0.382300,0.389248,0.396231,0.403250,0.410303,0.417392,0.424517,0.431677,0.438872,0.446103,0.453369,0.460671,0.468009,0.475383,0.482792,0.490237,0.497718,0.505235,0.512788,0.520377,0.528002,0.535663,0.543361,0.551095,0.558865,0.566671,0.574514,0.582393,0.590309,0.598261,0.606250,0.614276,0.622339,0.630438,0.638574,0.646748,0.654958,0.663205,0.671490,0.679811,0.688171,0.696563,0.705006,0.713454,0.722011,0.730460,0.739220,0.747547,0.756647,0.764759,0.774154,0.782333,0.791483,0.800380,0.808857,0.818306,0.826984,0.835817,0.845332,0.854063,0.863056,0.872669,0.881588,0.890584,0.900300,0.909546,0.918490,0.928163,0.937850,0.946918,0.956315,0.966290,0.975859,0.985056,0.994809,1.004921,1.014535,1.023911,1.033858,1.044126,1.053934,1.063456,1.073459,1.083900,1.094037,1.103738,1.113677,1.124186,1.134734,1.144803,1.154693,1.165031,1.175825,1.186476,1.196661,1.206772,1.217352,1.228357,1.239240
0.371614,0.378559,0.385539,0.392554,0.399604,0.406689,0.413810,0.420965,0.428157,0.435383,0.442645,0.449942,0.457275,0.464644,0.472048,0.479488,0.486963,0.494474,0.502022,0.509605,0.517224,0.524879,0.532570,0.540297,0.548060,0.555860,0.563695,0.571567,0.579476,0.587421,0.595402,0.603420,0.611474,0.619565,0.627693,0.635858,0.644059,0.652298,0.660573,0.668885,0.677234,0.685620,0.694046,0.702500,0.711013,0.719516,0.728157,0.736636,0.745514,0.753834,0.763073,0.771200,0.780646,0.788991,0.798026,0.807177,0.815622,0.825062,0.834010,0.842722,0.852299,0.861292,0.870147,0.879807,0.889015,0.897909,0.907577,0.917131,0.926104,0.935607,0.945507,0.954810,0.964052,0.973986,0.983868,0.993176,1.002729,1.012889,1.022832,1.032276,1.042016,1.052329,1.062468,1.072104,1.081906,1.092304,1.102742,1.112677,1.122492,1.132825,1.143529,1.153938,1.163919,1.174054,1.184744,1.195632,1.206143,1.216300,1.226665,1.237566
0.367879,0.374856,0.381868,0.388915,0.395997,0.403114,0.410266,0.417453,0.424676,0.431934,0.439227,0.446555,0.453919,0.461319,0.468754,0.476224,0.483730,0.491272,0.498850,0.506463,0.514112,0.521797,0.529518,0.537275,0.545068,0.552897,0.560763,0.568664,0.576602,0.584576,0.592587,0.600634,0.608717,0.616837,0.624993,0.633186,0.641416,0.649683,0.657986,0.666327,0.674704,0.683119,0.691568,0.700061,0.708576,0.717162,0.725713,0.734447,0.742946,0.751951,0.760262,0.769630,0.777799,0.787254,0.795808,0.804711,0.814083,0.822574,0.831929,0.841160,0.849824,0.859360,0.868648,0.877446,0.887038,0.896547,0.905456,0.914976,0.924781,0.933923,0.943241,0.953214,0.962829,0.972033,0.981808,0.991914,1.001475,1.010896,1.020950,1.031165,1.040834,1.050428,1.060627,1.071022,1.080923,1.090629,1.100850,1.111451,1.121716,1.131577,1.141697,1.152373,1.163081,1.173321,1.183375,1.193854,1.204799,1.215642,1.226025,1.236286
